"CASEID","POINT_X","POINT_Y","YEAR_","LOCATION","CHPTYPE","DAYWEEK","CRASHSEV","VIOLCAT","KILLED","INJURED","WEATHER1","PEDCOL","BICCOL","MCCOL","TRUCKCOL","ETOH","TIMECAT","MONTH_","CRASHTYP","INVOLVE","PED","PRIMARYRD","SECONDRD","DISTANCE","DIRECT","INTERSECT_","PROCDATE","JURIS","DATE_","TIME_","BADGE","JURIDIST","SHIFT","POP","SPECIAL","BEATTYPE","LAPDDIV","BEATCLAS","BEATNUMB","WEATHER2","STATEHW","CALTRANC","CALTRAND","STROUTE","ROUTESUF","POSTPRE","POSTMILE","LOCATYPE","RAMP","SIDEHW","TOWAWAY","PARTIES","PCF","VIOLCODE","VIOL","VIOLSUB","HITRUN","ROADSURF","RDCOND1","RDCOND2","LIGHTING","RIGHTWAY","CHPRDTYP","NOTPRIV","STFAULT","CHPFAULT","SEVINJ","OTHERINJ","COP","PEDKILL","PEDINJ","BICKILL","BICINJ","MCKILL","MCINJURE","RAMP1","RAMP2","CITY","COUNTY","STATE","X_CHP","Y_CHP"
"90237707",0,0,2016,"3404","1","5","4","03",0,2,"A",,,,,,1800,7,"C","C","A","I-80 E/B","NORWOOD AVE",100,"E","N","2016-08-04",9250,"2016-07-29",1634,"018766",,"2","7","0","1",,"2","182","-","Y",,0,0,,,0,,,,"Y",3,"A","-",22350,,"N","A","H","-","A","D","0","Y","D","22",0,0,2,0,0,0,0,0,0,"-","-","SACRAMENTO","SACRAMENTO","CA",0,0
"90237637",0,0,2016,"3400","3","3","4","03",0,2,"A",,,,,,1800,7,"C","C","A","SR-99 N/B FROM 47TH AVE W/B","47TH AVE",500,"N","N","2016-08-04",9252,"2016-07-27",1535,"018119",,"2","9","0","1",,"2","192","-","Y",,0,0,,,0,,,,"N",2,"A","-",22350,,"N","A","H","-","A","A","0","Y","A","07",0,0,2,0,0,0,0,0,0,"-","-","UNINCORPORATED","SACRAMENTO","CA",-121.46031,38.51201
"90237618",0,0,2016,"3404","1","3","4","03",0,1,"A",,,,,,1500,7,"C","C","A","I-5 S/B TO US-50","R ST",500,"S","N","2016-08-04",9252,"2016-07-27",1345,"016616",,"1","7","0","1",,"2","108","-","Y",,0,0,,,0,,,,"Y",3,"A","-",22350,,"N","A","H","-","A","D","0","Y","A","07",0,0,1,0,0,0,0,0,0,"-","-","SACRAMENTO","SACRAMENTO","CA",-121.50931,38.57263
"90237568",0,0,2016,"3400","1","3","4","08",0,1,"A",,,,,,900,7,"D","C","A","I-80 E/B","WATT AVE O/C",1584,"W","N","2016-08-04",9250,"2016-07-27",830,"018774",,"1","9","0","1",,"2","182","-","Y",,0,0,,,0,,,,"Y",2,"A","-",22107,,"N","A","H","-","A","D","0","Y","A","01",0,0,1,0,0,0,0,0,0,"-","-","UNINCORPORATED","SACRAMENTO","CA",-121.38889,38.64415
"90237563",0,0,2016,"3404","1","5","4","03",0,3,"A",,,,,,1500,7,"C","C","A","I-5 N/B","DEL PASO BLVD",1056,"N","N","2016-08-04",9250,"2016-07-29",1410,"018766",,"2","7","0","1",,"2","105","-","Y",,0,0,,,0,,,,"N",3,"A","-",22350,,"N","A","H","-","A","D","0","Y","D","22",0,0,3,0,0,0,0,0,0,"-","-","SACRAMENTO","SACRAMENTO","CA",0,0
"90237394",-121.4194784,38.4710213,2016,"3404","3","2","4","03",0,1,"A",,,,,,900,7,"C","C","A","SR-99","MACK RD.",1584,"S","N","2016-08-04",9252,"2016-07-26",708,"014833",,"1","7","0","1",,"2","191","-","Y",,0,0,,,0,,,,"Y",4,"A","-",22350,,"N","A","H","-","A","D","0","Y","A","07",0,0,1,0,0,0,0,0,0,"-","-","SACRAMENTO","SACRAMENTO","CA",-121.4188,38.47057
"90237237",0,0,2016,"3404","2","2","4","00",0,1,"A",,,,,,1800,7,"C","C","A","US-50 E/B","65TH ST",1320,"W","N","2016-08-04",9252,"2016-07-26",1711,"017134",,"2","7","0","1",,"2","151","-","Y",,0,0,,,0,,,,"N",2,"D","-",0,,"N","A","H","-","A","D","0","Y","-","-",0,0,1,0,0,0,0,0,0,"-","-","SACRAMENTO","SACRAMENTO","CA",-121.49944,38.5505
"90237181",0,0,2016,"3404","2","1","4","03",0,1,"A",,,,,,1800,7,"C","C","A","US-50 E/B","RIVERSIDE BLVD",380,"E","N","2016-08-04",9252,"2016-07-25",1735,"016616",,"2","7","0","1",,"2","150","-","Y",,0,0,,,0,,,,"Y",2,"A","-",22350,,"N","A","H","-","A","D","0","Y","A","01",0,0,1,0,0,0,0,0,0,"-","-","SACRAMENTO","SACRAMENTO","CA",-121.49695,38.56445
"90237169",0,0,2016,"3404","3","1","4","08",0,1,"A",,,,,,2100,7,"B","C","A","SR-99 S/B","21ST AVE",180,"N","N","2016-08-04",9252,"2016-07-25",2050,"015718",,"2","7","0","1",,"2","192","-","Y",,0,0,,,0,,,,"Y",2,"A","-",22107,,"N","A","H","-","C","D","0","Y","A","07",0,0,1,0,0,0,0,0,0,"-","-","SACRAMENTO","SACRAMENTO","CA",-121.47269,38.53412
"90237154",-121.3348231,38.472605,2016,"3400","5","1","3","09",0,3,"A",,,,,,1500,7,"D","C","A","BRADSHAW RD","CARMENCITA AVE",0,,"Y","2016-08-04",9252,"2016-07-25",1451,"018435",,"2","9","0","3",,"2","074","-","N",,0,0,,,0,,,,"Y",2,"A","-",21802,"A","N","A","H","-","A","A","0","Y","A","07",0,1,2,0,0,0,0,0,0,"-","-","UNINCORPORATED","SACRAMENTO","CA",-121.3348,38.4726
"90237152",0,0,2016,"3404","2","2","4","03",0,4,"A",,,,,,1800,7,"C","C","A","US-50 W/B","15TH STREET",10,"E","N","2016-08-04",9252,"2016-07-19",1740,"016895",,"2","7","0","1",,"2","150","-","Y",,0,0,,,0,,,,"Y",2,"A","-",22350,,"N","A","H","-","A","D","0","Y","A","07",0,0,4,0,0,0,0,0,0,"-","-","SACRAMENTO","SACRAMENTO","CA",-121.4927,38.5637
"90237014",-121.3830731,38.5957651,2016,"3400","4","5","4","12",0,1,"A",,,,,,2400,7,"D","C","A","ARDEN WAY","WATT AVE.",0,,"Y","2017-01-12",9250,"2016-07-22",2251,"017999",,"3","9","0","2",,"1","045","-","N",,0,0,,,0,,,,"Y",2,"A","-",21453,"A","N","A","H","-","C","A","0","Y","A","01",0,0,1,0,0,0,0,0,0,"-","-","UNINCORPORATED","SACRAMENTO","CA",0,0
"90237010",-121.373121,38.6679839,2016,"3400","4","4","3","09",0,2,"A",,,,,,1500,7,"E","I","A","ROSEVILLE RD","PALM AVE",220,"S","N","2016-08-03",9250,"2016-07-28",1450,"019069",,"2","9","0","2",,"1","015","-","N",,0,0,,,0,,,,"Y",2,"A","-",21802,"A","F","A","H","-","A","A","0","Y","-","99",0,1,1,0,0,0,0,0,0,"-","-","UNINCORPORATED","SACRAMENTO","CA",-121.2222,34.406
"90237002",-121.3960631,38.6106277,2016,"3400","4","3","2","09",0,1,"A",,,,,,1500,7,"D","C","A","EL CAMINO AVE","BELPORT LN",60,"W","N","2016-08-03",9250,"2016-07-27",1406,"017482",,"2","9","0","2",,"1","044","-","N",,0,0,,,0,,,,"Y",2,"A","-",21801,"A","N","A","D","-","A","D","0","Y","A","01",1,0,0,0,0,0,0,0,0,"-","-","UNINCORPORATED","SACRAMENTO","CA",-121.39616,38.6106
"90236997",0,0,2016,"3400","3","7","3","01",0,2,"A",,,,,"Y",300,7,"C","C","A","SR-51 N/B","WATT AVE",1056,"S","N","2016-08-03",9250,"2016-07-31",202,"017999",,"3","9","0","1",,"2","151","-","Y",,0,0,,,0,,,,"Y",2,"A","-",23152,"A","N","A","H","-","C","D","0","Y","D","22",0,1,1,0,0,0,0,0,0,"-","-","UNINCORPORATED","SACRAMENTO","CA",0,0
"90236992",-121.4351934,38.6764495,2016,"3400","5","1","2","11",0,1,"A","Y",,,,"Y",2400,7,"G","B","D","E ST","DRY CREEK RD",925,"E","N","2016-08-03",9250,"2016-07-25",2145,"017734",,"2","9","0","3",,"2","060","-","N",,0,0,,,0,,,,"N",2,"A","-",21956,,"F","A","H","-","D","D","0","Y","N","60",1,0,0,0,1,0,0,0,0,"-","-","UNINCORPORATED","SACRAMENTO","CA",0,0
"90236986",0,0,2016,"3400","1","3","3","08",0,1,"A",,,,"Y",,1500,7,"C","E","A","INTERSTATE 80 WESTBOUND","THE FOOTHILL FARMS PED O/C",195,"W","N","2016-08-03",9250,"2016-07-27",1343,"012602",,"1","9","0","1",,"2","183","-","Y",,0,0,,,0,,,,"Y",2,"A","-",22107,,"N","A","H","-","A","D","0","Y","D","22",0,1,0,0,0,0,0,0,0,"-","-","UNINCORPORATED","SACRAMENTO","CA",0,0
"90236938",0,0,2016,"3400","3","3","4","03",0,1,"A",,,,,,900,7,"B","C","A","SR-51 S/B","EXPOSITIONS BLVD O/C",300,"S","N","2016-08-03",9250,"2016-07-27",737,"018774",,"1","9","0","1",,"2","152","-","Y",,0,0,,,0,,,,"Y",2,"A","-",22350,,"N","A","H","-","A","D","0","Y","A","01",0,0,1,0,0,0,0,0,0,"-","-","UNINCORPORATED","SACRAMENTO","CA",-121.44398,38.59608
"90236906",0,0,2016,"3404","1","1","4","08",0,4,"A",,,,,,1200,7,"E","I","A","I-5 N/B"," CAPITOL MALL  ",528,"N","N","2016-08-03",9252,"2016-07-25",1006,"018575",,"1","7","0","1",,"2","108","-","Y",,0,0,,,0,,,,"Y",1,"A","-",22107,,"N","A","H","-","A","D","0","Y","A","01",0,0,4,0,0,0,0,0,0,"-","-","SACRAMENTO","SACRAMENTO","CA",-121.3015,38.3453
"90236806",-121.271546,38.6392968,2016,"3400","4","3","4","08",0,2,"A",,,,,,900,7,"E","I","A","SUNRISE BLVD","FAIR OAKS BLVD",315,"S","N","2016-08-03",9260,"2016-07-20",835,"015944",,"1","9","0","2",,"2","301","-","N",,0,0,,,0,,,,"Y",1,"A","-",22107,,"N","A","H","-","A","D","0","Y","A","01",0,0,2,0,0,0,0,0,0,"-","-","UNINCORPORATED","SACRAMENTO","CA",0,0
"90236785",0,0,2016,"3404","1","1","2","01",0,1,"A",,,,,"Y",2100,7,"E","I","A","I-5 NB TO Q STEET","2ND STREET",60,"W","N","2016-08-03",9252,"2016-07-25",2007,"018477",,"2","7","0","1",,"2","108","-","Y",,0,0,,,0,,,,"Y",1,"A","-",23152,"A","N","A","H","-","A","D","0","Y","A","01",1,0,0,0,0,0,0,0,0,"-","-","SACRAMENTO","SACRAMENTO","CA",-121.50773,38.57541
"90236643",0,0,2016,"3400","1","2","3","08",0,2,"A",,,,"Y",,2100,7,"A","D","A","I-5 N/B","LAMBERT RD",1000,"N","N","2016-08-03",9252,"2016-07-19",2008,"018423",,"2","9","0","1",,"2","105","-","Y",,0,0,,,0,,,,"Y",3,"A","-",22107,,"N","A","H","-","D","D","0","Y","A","07",0,1,1,0,0,0,0,0,0,"-","-","UNINCORPORATED","SACRAMENTO","CA",-121.46586,38.32336
"90236596",0,0,2016,"3400","4","6","4","03",0,2,"A",,,,,,1200,7,"C","C","A","FAIR OAKS BLVD. (W/B)","SAN RAMON WAY",200,"E","N","2016-08-03",9250,"2016-07-23",1040,"015577",,"1","9","0","2",,"1","048","-","N",,0,0,,,0,,,,"Y",2,"A","-",22350,,"N","A","H","-","A","A","0","Y","A","01",0,0,2,0,0,0,0,0,0,"-","-","UNINCORPORATED","SACRAMENTO","CA",0,0
"90236583",-121.3281476,38.6341998,2016,"3400","4","4","4","03",0,3,"A",,,,,,900,7,"C","C","A","FAIR OAKS BOULEVARD","SUTTER AVENUE",315,"N","N","2016-08-03",9250,"2016-07-21",850,"015423",,"1","9","0","2",,"1","053","-","N",,0,0,,,0,,,,"Y",5,"A","-",22350,,"N","A","H","-","A","D","0","Y","A","01",0,0,3,0,0,0,0,0,0,"-","-","UNINCORPORATED","SACRAMENTO","CA",0,0
"90236533",0,0,2016,"3450","3","7","4","03",0,2,"A",,,,,,1500,7,"C","C","A","SR-99 N/B","DILLLARD RD.",340,"S","N","2016-08-03",9252,"2016-07-24",1430,"018668",,"2","5","0","1",,"2","191","-","Y",,0,0,,,0,,,,"N",2,"A","-",22350,,"N","A","H","-","A","D","0","Y","D","22",0,0,2,0,0,0,0,0,0,"-","-","ELK GROVE","SACRAMENTO","CA",-121.206,38.2031
"90236527",0,0,2016,"3400","4","4","3","03",0,3,"A",,,,,,2100,7,"C","C","A","MADISON AVENUE (EASTBOUND)","SAN JUAN AVENUE",407,"W","N","2016-08-03",9250,"2016-07-28",1840,"015423",,"2","9","0","2",,"1","024","-","N",,0,0,,,0,,,,"Y",3,"A","-",22350,,"N","A","H","-","A","A","0","Y","A","01",0,1,2,0,0,0,0,0,0,"-","-","UNINCORPORATED","SACRAMENTO","CA",0,0
"90236491",0,0,2016,"3400","3","7","4","03",0,5,"A",,,,,,2100,7,"C","C","A","S.R. 51 S/B","WATT AVE. OFF RAMP",500,"N","N","2016-08-03",9250,"2016-07-31",1800,"016419",,"2","9","0","1",,"2","152","-","Y",,0,0,,,0,,,,"Y",2,"A","-",22350,,"N","A","H","-","A","D","0","Y","A","01",0,0,5,0,0,0,0,0,0,"-","-","UNINCORPORATED","SACRAMENTO","CA",-121.37329,38.64936
"90236394",-121.4613884,38.5249816,2016,"3400","4","6","3","08",0,4,"A",,,,,,2400,7,"A","C","A","FRUITRIDGE RD","MENDOCINO BLVD",50,"E","N","2016-08-03",9252,"2016-07-23",2235,"019040",,"3","9","0","2",,"1","071","-","N",,0,0,,,0,,,,"Y",2,"A","-",22107,,"N","A","H","-","C","D","0","Y","A","01",0,2,2,0,0,0,0,0,0,"-","-","UNINCORPORATED","SACRAMENTO","CA",-121.4613,38.5249
"90236373",0,0,2016,"3404","3","6","4","03",0,1,"A",,,,,,1200,7,"C","C","A","SR-51 N/B","ELVAS AVE",240,"S","N","2016-08-03",9252,"2016-07-23",1023,"018723",,"1","7","0","1",,"2","193","-","Y",,0,0,,,0,,,,"Y",2,"A","-",22350,,"N","A","H","-","A","D","0","Y","A","01",0,0,1,0,0,0,0,0,0,"-","-","SACRAMENTO","SACRAMENTO","CA",-121.4517,38.5852
"90236251",0,0,2016,"3400","3","4","4","21",0,1,"A","Y",,,,,1500,7,"G","B","E","SR-51 N/B","E ST",3960,"N","N","2016-08-03",9252,"2016-07-21",1310,"017869",,"1","9","0","1",,"2","193","-","Y",,0,0,,,0,,,,"N",2,"A","-",22106,,"N","A","H","-","A","D","0","Y","A","01",0,0,1,0,1,0,0,0,0,"-","-","UNINCORPORATED","SACRAMENTO","CA",-121.463,38.582
"90236209",0,0,2016,"3400","3","5","4","00",0,4,"A",,,,,,2100,7,"C","C","A","S.R. 51 S/B","ARDEN WAY U/C",116,"N","N","2016-08-03",9250,"2016-07-29",1835,"016419",,"2","9","0","1",,"2","152","-","Y",,0,0,,,0,,,,"N",2,"A","-",21352,,"F","A","H","-","A","D","0","Y","A","01",0,0,4,0,0,0,0,0,0,"-","-","UNINCORPORATED","SACRAMENTO","CA",-121.43477,38.60404
"90236204",0,0,2016,"3404","1","5","3","03",0,6,"A",,,,,,2100,7,"C","C","A","I-80 W/B","NORWOOD AVE",90,"W","N","2016-08-03",9250,"2016-07-22",1800,"018766",,"2","7","0","1",,"2","187","-","N",,0,0,,,0,,,,"Y",2,"A","-",22350,,"N","A","D","-","A","D","0","Y","A","01",0,3,3,0,0,0,0,0,0,"-","-","SACRAMENTO","SACRAMENTO","CA",0,0
"90236203",-121.382303,38.6578041,2016,"3400","4","6","3","08",0,1,"A",,,,,,1500,7,"F","I","A","ROSEVILLE RD","WATT AVE",200,"E","N","2016-08-03",9250,"2016-07-30",1345,"019090",,"1","9","0","2",,"1","015","-","N",,0,0,,,0,,,,"Y",1,"A","-",22107,,"N","A","H","-","A","D","0","Y","A","07",0,1,0,0,0,0,0,0,0,"-","-","UNINCORPORATED","SACRAMENTO","CA",0,0
"90236085",0,0,2016,"3400","5","5","4","08",0,1,"A",,,,,,1500,7,"E","I","A","PALMERSON DR","NEW HARTFORD CT",40,"S","N","2016-08-02",9250,"2016-07-29",1320,"019069",,"1","9","0","3",,"2","010","-","N",,0,0,,,0,,,,"Y",1,"A","-",22107,,"N","A","H","-","A","A","0","Y","A","01",0,0,1,0,0,0,0,0,0,"-","-","UNINCORPORATED","SACRAMENTO","CA",-121.2019,38.4242
"90236073",-121.3645326,38.5820463,2016,"3400","4","6","2","01",0,1,"A",,,,,"Y",1200,7,"E","I","A","EASTERN AVE","LOAZELL CT",15,"N","N","2016-08-02",9250,"2016-07-30",1135,"016624",,"1","9","0","2",,"1","051","-","N",,0,0,,,0,,,,"Y",1,"A","-",23152,"A","M","A","H","-","A","D","0","Y","A","01",1,0,0,0,0,0,0,0,0,"-","-","UNINCORPORATED","SACRAMENTO","CA",-121.36448,38.5821
"90235991",0,0,2016,"3404","3","4","4","03",0,1,"A",,,,,,900,7,"C","C","A","STATE ROUTE (SR) 99 NORTHBOUND","MACK ROAD ",2640,"N","N","2016-08-02",9252,"2016-07-21",830,"015006",,"1","7","0","1",,"2","192","-","Y",,0,0,,,0,,,,"Y",3,"A","-",22350,,"N","A","H","-","A","D","0","Y","A","07",0,0,1,0,0,0,0,0,0,"-","-","SACRAMENTO","SACRAMENTO","CA",-121.427,38.4783
"90235947",-121.3830788,38.637124,2016,"3400","4","1","4","07",0,1,"A",,,"Y",,,300,8,"B","C","A","WATT AVE. NORTHBOUND","AUBURN BLVD",15,"S","N","2016-08-02",9250,"2016-08-01",5,"018835",,"3","9","0","2",,"1","045","-","N",,0,0,,,0,,,,"N",2,"A","-",21658,"A","N","A","H","-","C","A","0","Y","A","07",0,0,1,0,0,0,0,0,1,"-","-","UNINCORPORATED","SACRAMENTO","CA",-121.38284,38.63711
"90235916",-121.4118984,38.4961151,2016,"3400","4","5","3","08",0,1,"A",,,"Y",,,1800,7,"B","C","A","FLORIN RD","FRANUSICH AVE",50,"E","N","2016-08-02",9252,"2016-07-22",1720,"018119",,"2","9","0","2",,"2","073","-","N",,0,0,,,0,,,,"Y",2,"A","-",22107,,"N","A","H","-","A","D","0","Y","A","01",0,1,0,0,0,0,0,0,1,"-","-","UNINCORPORATED","SACRAMENTO","CA",-121.41184,38.4961
"90235657",-121.3660127,38.7039151,2016,"3400","4","5","4","09",0,1,"A",,,,,,1500,7,"D","C","A","ANTELOPE RD.","WALERGA RD.",445,"W","N","2016-08-02",9250,"2016-07-29",1320,"017762",,"1","9","0","2",,"1","012","-","N",,0,0,,,0,,,,"N",2,"A","-",21804,"A","N","A","H","-","A","D","0","Y","A","01",0,0,1,0,0,0,0,0,0,"-","-","UNINCORPORATED","SACRAMENTO","CA",0,0
"90235643",0,0,2016,"3404","3","4","4","07",0,2,"A",,,,,,2100,7,"C","C","A","SR-99 S/B","5TH AVE",500,"N","N","2016-08-02",9252,"2016-07-21",1805,"017134",,"2","7","0","1",,"2","192","-","Y",,0,0,,,0,,,,"Y",2,"A","-",21658,"A","N","A","H","-","A","D","0","Y","A","07",0,0,2,0,0,0,0,0,0,"-","-","SACRAMENTO","SACRAMENTO","CA",-121.50542,38.55362
"90235644",-121.4427866,38.6419469,2016,"3404","1","2","4","03",0,2,"A",,,,,,2100,7,"C","C","A","INTERSTATE 80 EASTBOUND","DRYCREEK ROAD",1270,"W","N","2016-08-02",9250,"2016-07-26",1819,"012602",,"2","7","0","1",,"2","182","-","Y",,0,0,,,0,,,,"Y",4,"A","-",22350,,"F","A","H","-","A","D","0","Y","A","01",0,0,2,0,0,0,0,0,0,"-","-","SACRAMENTO","SACRAMENTO","CA",0,0
"90235641",0,0,2016,"3400","4","5","4","03",0,1,"A",,,,,,900,7,"C","C","A","WATT AVE. S/B","U ST.",30,"N","N","2016-08-02",9250,"2016-07-29",720,"017762",,"1","9","0","2",,"1","011","-","N",,0,0,,,0,,,,"N",2,"A","-",22350,,"N","A","H","-","A","A","0","Y","A","07",0,0,1,0,0,0,0,0,0,"-","-","UNINCORPORATED","SACRAMENTO","CA",0,0
"90235624",-121.4090258,38.4963797,2016,"3400","4","3","4","09",0,2,"A",,,,,,2100,7,"D","C","A","POWER INN RD","FLORIN RD",100,"N","N","2016-08-02",9252,"2016-07-20",1805,"018167",,"2","9","0","2",,"2","073","-","N",,0,0,,,0,,,,"Y",2,"A","-",21804,"A","N","A","H","-","A","D","0","Y","A","01",0,0,2,0,0,0,0,0,0,"-","-","UNINCORPORATED","SACRAMENTO","CA",-121.40906,38.49556
"90235620",-121.4740867,38.5496397,2016,"3404","3","3","4","03",0,1,"A",,,,,,1800,7,"C","C","A","SR-99 NB","5TH AVE",100,"N","N","2016-08-02",9252,"2016-07-20",1650,"017134",,"2","7","0","1",,"2","192","-","Y",,0,0,,,0,,,,"Y",2,"A","-",22350,,"N","A","H","-","A","D","0","Y","A","01",0,0,1,0,0,0,0,0,0,"-","-","SACRAMENTO","SACRAMENTO","CA",-121.49592,38.55474
"90235608",0,0,2016,"3400","4","5","4","03",0,1,"A",,,,,,1800,7,"C","C","A","FAIR OAKS BLVD N/B","STANLEY AVE",42,"N","N","2016-08-02",9250,"2016-07-29",1725,"019133",,"2","9","0","2",,"1","053","-","N",,0,0,,,0,,,,"Y",3,"A","-",22350,,"N","A","H","-","A","D","0","Y","A","01",0,0,1,0,0,0,0,0,0,"-","-","UNINCORPORATED","SACRAMENTO","CA",-121.32845,38.62259
"90235594",0,0,2016,"3400","3","6","4","03",0,1,"A",,,,,,1200,7,"C","C","A","SR-99 N/B","MINGO RD",500,"N","N","2016-08-02",9252,"2016-07-30",1045,"018649",,"1","9","0","1",,"2","190","-","Y",,0,0,,,0,,,,"Y",2,"A","-",22350,,"N","A","H","-","A","D","0","Y","D","22",0,0,1,0,0,0,0,0,0,"-","-","UNINCORPORATED","SACRAMENTO","CA",-121.31817,38.30361
"90235419",-121.4499031,38.533695,2016,"3400","4","7","3","10",0,2,"A","Y",,,,,2100,7,"G","B","D","ROOSEVELT AVE","48TH ST",0,,"Y","2016-08-02",9252,"2016-07-17",1810,"018423",,"2","9","0","2",,"1","071","-","N",,0,0,,,0,,,,"N",3,"A","-",21950,"A","N","A","H","-","A","A","0","Y","A","01",0,1,1,0,2,0,0,0,0,"-","-","UNINCORPORATED","SACRAMENTO","CA",-121.44998,38.5337
"90235375",-121.2842354,38.6638298,2016,"3400","4","5","4","03",0,2,"A",,,,,,2100,7,"C","C","A","MADISON AVE","MARIPOSA AVE",105,"E","N","2016-08-02",9250,"2016-07-29",1835,"019133",,"2","9","0","2",,"1","024","-","N",,0,0,,,0,,,,"Y",2,"A","-",22350,,"N","A","H","-","A","D","0","Y","A","01",0,0,2,0,0,0,0,0,0,"-","-","UNINCORPORATED","SACRAMENTO","CA",-121.28411,38.66366
"90235340",0,0,2016,"3400","3","4","4","08",0,1,"A",,,,,"Y",300,7,"E","I","A","SR-51 N/B","WATT AVE. O/C",650,"N","N","2016-08-02",9250,"2016-07-28",100,"017738",,"3","9","0","1",,"2","151","-","Y",,0,0,,,0,,,,"Y",1,"A","-",22107,,"N","A","H","-","C","D","0","Y","A","01",0,0,1,0,0,0,0,0,0,"-","-","UNINCORPORATED","SACRAMENTO","CA",0,0
"90235331",0,0,2016,"3400","3","6","3","01",0,3,"A",,,"Y",,"Y",2100,7,"B","C","A","SR-51 S/B","MADISON AVE",5808,"W","N","2016-08-02",9250,"2016-07-23",2048,"019169",,"2","9","0","1",,"2","152","-","Y",,0,0,,,0,,,,"Y",2,"A","-",23152,"A","N","A","H","-","D","D","0","Y","C","02",0,1,2,0,0,0,0,0,1,"-","-","UNINCORPORATED","SACRAMENTO","CA",0,0
"90235309",0,0,2016,"3400","5","6","4","09",0,1,"A",,,,,,1800,7,"D","C","A","MONUMENT DR","LUXFORD CT",0,,"Y","2016-08-02",9250,"2016-07-30",1640,"019069",,"2","9","0","3",,"2","010","-","N",,0,0,,,0,,,,"N",2,"A","-",21802,"A","N","A","H","-","A","A","0","Y","A","01",0,0,1,0,0,0,0,0,0,"-","-","UNINCORPORATED","SACRAMENTO","CA",-121.2125,38.4212
"90235289",0,0,2016,"3404","3","3","4","08",0,1,"A",,,,"Y",,600,7,"E","J","A","SR-51 S/B","ARDEN WAY",1011,"S","N","2016-08-02",9250,"2016-07-20",450,"018542",,"3","7","0","1",,"2","152","-","Y",,0,0,,,0,,,,"Y",3,"A","-",22107,,"N","A","H","-","D","D","0","Y","A","01",0,0,1,0,0,0,0,0,0,"-","-","SACRAMENTO","SACRAMENTO","CA",-121.4374,38.60153
"90235272",-121.3318031,38.7024551,2016,"3400","4","3","3","09",0,1,"A",,,,,,2400,7,"D","C","A","ANTELOPE RD","ROSEVILLE RD",0,,"Y","2016-08-02",9250,"2016-07-27",2120,"018115",,"2","9","0","2",,"1","012","-","N",,0,0,,,0,,,,"N",2,"A","-",21800,"D","N","A","H","-","C","B","0","Y","-","-",0,1,0,0,0,0,0,0,0,"-","-","UNINCORPORATED","SACRAMENTO","CA",0,0
"90235270",0,0,2016,"3400","1","5","2","08",0,1,"A",,,"Y",,,900,7,"B","C","A","I-80 E/B","MADISON AVE",500,"E","N","2016-08-02",9250,"2016-07-29",620,"017620",,"1","9","0","1",,"2","184","-","Y",,0,0,,,0,,,,"Y",2,"A","-",22107,,"N","A","H","-","A","D","0","Y","A","01",1,0,0,0,0,0,0,0,1,"-","-","UNINCORPORATED","SACRAMENTO","CA",0,0
"90235261",-121.4014331,38.6282801,2016,"3400","4","6","4","03",0,1,"A",,,,,,1800,7,"C","C","A","FULTON AVE","AUBURN BLVD",650,"S","N","2016-08-02",9250,"2016-07-30",1540,"017818",,"2","9","0","2",,"1","043","-","N",,0,0,,,0,,,,"N",3,"A","-",22350,,"N","A","H","-","A","D","0","Y","D","22",0,0,1,0,0,0,0,0,0,"-","-","UNINCORPORATED","SACRAMENTO","CA",0,0
"90235259",0,0,2016,"3400","4","6","4","03",0,3,"A",,,,,,1200,7,"C","C","A","WATT AVE. S/B","ALTA ARDEN EXPY",50,"N","N","2016-08-02",9250,"2016-07-30",1145,"014344",,"1","9","0","2",,"1","045","-","N",,0,0,,,0,,,,"N",3,"A","-",22350,,"N","A","H","-","A","A","0","Y","A","01",0,0,3,0,0,0,0,0,0,"-","-","UNINCORPORATED","SACRAMENTO","CA",0,0
"90235255",0,0,2016,"3400","4","3","4","03",0,1,"A",,,,,,1200,7,"C","C","A","FAIR OAKS BOULEVARD (NORTHBOUND)","EASTERN AVENUE",10,"S","N","2016-08-02",9250,"2016-07-27",1145,"015423",,"1","9","0","2",,"1","048","-","N",,0,0,,,0,,,,"N",2,"A","-",22350,,"N","A","H","-","A","A","0","Y","A","01",0,0,1,0,0,0,0,0,0,"-","-","UNINCORPORATED","SACRAMENTO","CA",0,0
"90234868",0,0,2016,"3404","2","5","3","03",0,1,"A",,,,,,1800,7,"C","C","A","US-50 W/B","48TH ST.",150,"W","N","2016-08-01",9252,"2016-07-15",1600,"018668",,"2","7","0","1",,"2","151","-","Y",,0,0,,,0,,,,"Y",3,"A","-",22350,,"N","A","H","-","A","D","0","Y","A","01",0,1,0,0,0,0,0,0,0,"-","-","SACRAMENTO","SACRAMENTO","CA",-121.275,38.3331