"CASEID","POINT_X","POINT_Y","YEAR_","LOCATION","CHPTYPE","DAYWEEK","CRASHSEV","VIOLCAT","KILLED","INJURED","WEATHER1","PEDCOL","BICCOL","MCCOL","TRUCKCOL","ETOH","TIMECAT","MONTH_","CRASHTYP","INVOLVE","PED","PRIMARYRD","SECONDRD","DISTANCE","DIRECT","INTERSECT_","PROCDATE","JURIS","DATE_","TIME_","BADGE","JURIDIST","SHIFT","POP","SPECIAL","BEATTYPE","LAPDDIV","BEATCLAS","BEATNUMB","WEATHER2","STATEHW","CALTRANC","CALTRAND","STROUTE","ROUTESUF","POSTPRE","POSTMILE","LOCATYPE","RAMP","SIDEHW","TOWAWAY","PARTIES","PCF","VIOLCODE","VIOL","VIOLSUB","HITRUN","ROADSURF","RDCOND1","RDCOND2","LIGHTING","RIGHTWAY","CHPRDTYP","NOTPRIV","STFAULT","CHPFAULT","SEVINJ","OTHERINJ","COP","PEDKILL","PEDINJ","BICKILL","BICINJ","MCKILL","MCINJURE","RAMP1","RAMP2","CITY","COUNTY","STATE","X_CHP","Y_CHP"
"90234543",-121.316101,38.4805243,2016,"3400","5","5","3","18",0,1,"A",,,,,,1800,7,"E","I","A","VINEYARD RD","GERBER RD.",430,"S","N","2016-08-01",9252,"2016-07-08",1645,"018668",,"2","9","0","3",,"2","074","-","N",,0,0,,,0,,,,"Y",1,"C","-",0,,"N","A","H","-","A","D","0","Y","-","-",0,1,0,0,0,0,0,0,0,"-","-","UNINCORPORATED","SACRAMENTO","CA",-121.194,38.2846
"90234425",-121.459333,38.496155,2016,"3400","4","7","2","12",0,1,"A",,"Y",,,,1500,7,"H","G","A","FRANKLIN BLVD","FLORIN RD",0,,"Y","2016-08-01",9252,"2016-07-17",1245,"018976",,"1","9","0","2",,"1","072","-","N",,0,0,,,0,,,,"N",2,"A","-",21453,"A","N","A","H","-","A","D","0","Y","L","04",1,0,0,0,0,0,1,0,0,"-","-","UNINCORPORATED","SACRAMENTO","CA",-121.4591,38.49595
"90234385",0,0,2016,"3404","2","6","4","01",0,2,"A",,,,,"Y",600,7,"C","C","A","US-50 W/B","STOCKTON BLVD",400,"W","N","2016-08-01",9252,"2016-07-16",405,"019040",,"3","7","0","1",,"2","150","-","Y",,0,0,,,0,,,,"Y",2,"A","-",23152,"A","F","A","H","-","C","D","0","Y","A","01",0,0,2,0,0,0,0,0,0,"-","-","SACRAMENTO","SACRAMENTO","CA",-121.4653,38.5605
"90234379",-121.4417279,38.4962251,2016,"3400","4","4","4","03",0,1,"A",,,"Y",,,2400,7,"C","C","A","FLORIN RD","55TH ST",50,"W","N","2016-08-01",9252,"2016-07-14",2100,"019787",,"2","9","0","2",,"2","073","-","N",,0,0,,,0,,,,"Y",2,"A","-",22350,,"N","A","H","-","C","D","0","Y","C","02",0,0,1,0,0,0,0,0,1,"-","-","UNINCORPORATED","SACRAMENTO","CA",-121.44166,38.49612
"90234364",-121.3732705,38.4525377,2016,"3400","5","4","3","09",0,2,"A",,,,,,900,7,"A","C","A","CALVINE RD","ELK GROVE FLORIN RD",528,"E","N","2016-08-01",9252,"2016-07-14",816,"018976",,"1","9","0","3",,"2","074","-","N",,0,0,,,0,,,,"Y",2,"A","-",21801,"A","N","A","H","-","A","D","0","Y","A","01",0,2,0,0,0,0,0,0,0,"-","-","UNINCORPORATED","SACRAMENTO","CA",-121.36975,38.45277
"90234358",0,0,2016,"3404","3","7","4","03",0,1,"A",,,,,,2400,7,"C","C","A","SR-99 S/B","5TH AVE",36,"N","N","2016-08-01",9252,"2016-07-17",2338,"017696",,"3","7","0","1",,"2","192","-","Y",,0,0,,,0,,,,"Y",2,"A","-",22350,,"N","A","H","-","C","D","0","Y","D","22",0,0,1,0,0,0,0,0,0,"-","-","SACRAMENTO","SACRAMENTO","CA",-121.47401,38.54989
"90234260",-121.4154132,38.5983027,2016,"3400","4","7","4","03",0,1,"A",,,,,,1800,7,"C","C","A","HOWE AVE","ALTA ARDEN EXPY",30,"S","N","2016-08-01",9250,"2016-07-17",1730,"017818",,"2","9","0","2",,"1","041","-","N",,0,0,,,0,,,,"Y",2,"A","-",22350,,"F","A","H","-","A","D","0","Y","-","99",0,0,1,0,0,0,0,0,0,"-","-","UNINCORPORATED","SACRAMENTO","CA",0,0
"90233612",0,0,2016,"3404","1","5","4","08",0,1,"A",,,,,,1200,7,"B","C","A","I-5 S/B","WEST EL CAMINO AVENUE",830,"N","N","2016-07-29",9250,"2016-07-22",1110,"018816",,"1","7","0","1",,"2","106","-","Y",,0,0,,,0,,,,"N",3,"A","-",22107,,"N","A","H","-","A","D","0","Y","A","07",0,0,1,0,0,0,0,0,0,"-","-","SACRAMENTO","SACRAMENTO","CA",0,0
"90233605",-121.3281131,38.6352651,2016,"3400","4","4","3","03",0,1,"A",,,,,,1200,7,"C","C","A","FAIR OAKS BOULEVARD","GIBBONS DRIVE",0,,"Y","2016-07-29",9250,"2016-07-21",1040,"015423",,"1","9","0","2",,"1","053","-","N",,0,0,,,0,,,,"N",2,"A","-",22350,,"N","A","H","-","A","D","0","Y","A","01",0,1,0,0,0,0,0,0,0,"-","-","UNINCORPORATED","SACRAMENTO","CA",0,0
"90233600",-121.3366231,38.6928651,2016,"3400","5","2","4","03",0,4,"A",,,,,,2400,7,"E","I","A","DIABLO DR","ANDREA BLVD",0,,"Y","2016-07-29",9250,"2016-07-19",2240,"018725",,"3","9","0","3",,"2","010","-","N",,0,0,,,0,,,,"Y",2,"A","-",22350,,"N","A","H","-","C","D","0","Y","A","01",0,0,4,0,0,0,0,0,0,"-","-","UNINCORPORATED","SACRAMENTO","CA",-121.33685,38.69271
"90233309",-121.3690532,38.6606376,2016,"3400","5","1","3","01",0,1,"A",,,,,"Y",300,7,"E","I","A","HARRISON ST","RENICK WAY",10,"S","N","2016-07-29",9250,"2016-07-25",230,"018835",,"3","9","0","3",,"2","010","-","N",,0,0,,,0,,,,"Y",1,"A","-",23152,"A","N","A","H","-","C","D","0","Y","A","07",0,1,0,0,0,0,0,0,0,"-","-","UNINCORPORATED","SACRAMENTO","CA",-121.36895,38.66052
"90233180",0,0,2016,"3400","5","4","4","08",0,2,"A",,,,,,1500,7,"A","C","A","ZINFANDEL DR","DOUGLAS RD",2000,"N","N","2016-07-29",9260,"2016-07-21",1250,"017522",,"1","9","0","3",,"2","001","-","N",,0,0,,,0,,,,"Y",2,"A","-",22107,,"N","A","H","-","A","D","0","Y","A","01",0,0,2,0,0,0,0,0,0,"-","-","UNINCORPORATED","SACRAMENTO","CA",-121.26549,38.56578
"90233115",-121.3318031,38.7024551,2016,"3400","4","7","3","12",0,2,"A",,,,,,300,7,"A","C","A","ROSEVILLE RD.","ANTELOPE RD.",0,,"Y","2016-07-29",9250,"2016-07-17",5,"018899",,"3","9","0","2",,"1","015","-","N",,0,0,,,0,,,,"Y",2,"A","-",21453,"A","N","A","H","-","C","A","0","Y","A","01",0,1,1,0,0,0,0,0,0,"-","-","UNINCORPORATED","SACRAMENTO","CA",-121.3317,38.7024
"90233015",-121.3886176,38.5958382,2016,"3400","4","2","4","21",0,1,"A","Y",,,,,1800,7,"G","B","F","ARDEN WAY","PROFESSIONAL DR",450,"W","N","2016-07-28",9250,"2016-07-26",1700,"017482",,"2","9","0","2",,"1","046","-","N",,0,0,,,0,,,,"N",2,"A","-",22106,,"N","A","H","-","A","A","0","Y","A","01",0,0,1,0,1,0,0,0,0,"-","-","UNINCORPORATED","SACRAMENTO","CA",-121.38872,38.59576
"90233004",-121.334356,38.7028729,2016,"3400","4","3","4","03",0,2,"A",,,,,,1500,7,"C","C","A","ANTELOPE RD","ROSEVILLE RD",760,"W","N","2016-07-28",9250,"2016-07-27",1435,"016363",,"2","9","0","2",,"1","012","-","N",,0,0,,,0,,,,"Y",4,"A","-",22350,,"N","A","H","-","A","D","0","Y","A","07",0,0,2,0,0,0,0,0,0,"-","-","UNINCORPORATED","SACRAMENTO","CA",0,0
"90232986",-121.3373179,38.6834396,2016,"3400","4","2","4","03",0,2,"A",,,,,,1800,7,"C","C","A","ELKHORN BOULEVARD EASTBOUND","INTERSTATE 80",245,"W","N","2016-07-28",9250,"2016-07-26",1520,"012602",,"2","9","0","2",,"1","014","-","Y",,0,0,,,0,,,,"Y",2,"A","-",22350,,"N","A","H","-","A","D","0","Y","A","01",0,0,2,0,0,0,0,0,0,"-","-","UNINCORPORATED","SACRAMENTO","CA",0,0
"90232971",-121.3645607,38.7154232,2016,"3400","4","2","4","07",0,2,"A",,,,,,2100,7,"C","C","A","WALERGA RD","ELVERTA RD",760,"N","N","2016-07-28",9250,"2016-07-26",2035,"016363",,"2","9","0","2",,"1","013","-","N",,0,0,,,0,,,,"Y",2,"A","-",21658,"A","N","A","H","-","A","D","0","Y","A","01",0,0,2,0,0,0,0,0,0,"-","-","UNINCORPORATED","SACRAMENTO","CA",0,0
"90232945",-121.3481355,38.6597371,2016,"3400","4","3","2","11",0,1,"A","Y",,,,,2400,7,"G","B","D","AUBURN BLVD.","MADISON AVE.",531,"S","N","2016-07-28",9250,"2016-07-06",2211,"016605",,"3","9","0","2",,"1","021","-","N",,0,0,,,0,,,,"N",2,"A","-",21955,,"N","A","H","-","D","D","0","Y","N","60",1,0,0,0,1,0,0,0,0,"-","-","UNINCORPORATED","SACRAMENTO","CA",-121.3483,38.6596
"90232936",-121.4054075,38.6904589,2016,"3400","4","4","4","08",0,1,"A",,,,,,1800,7,"F","A","A","ELKHORN BLVD","26TH ST",170,"E","N","2016-07-28",9250,"2016-07-21",1555,"018766",,"2","9","0","2",,"1","064","-","N",,0,0,,,0,,,,"Y",1,"A","-",22107,,"N","A","H","-","A","D","0","Y","D","23",0,0,1,0,0,0,0,0,0,"-","-","UNINCORPORATED","SACRAMENTO","CA",0,0
"90232903",-121.4084806,38.5982959,2016,"3400","4","6","4","03",0,2,"A",,,,,,2100,7,"C","C","A","ALTA ARDEN EXPY","MARKSTON RD",25,"W","N","2016-07-28",9250,"2016-07-16",2050,"012773",,"2","9","0","2",,"1","049","-","N",,0,0,,,0,,,,"Y",3,"A","-",22350,,"N","A","H","-","A","D","0","Y","A","01",0,0,2,0,0,0,0,0,0,"-","-","UNINCORPORATED","SACRAMENTO","CA",0,0
"90232878",-121.2265694,38.2747051,2016,"3400","5","4","3","08",0,2,"A",,,,,,1800,7,"E","I","A","ALTA MESA ROAD","QUIGGLE ROAD",1056,"S","N","2016-07-28",9252,"2016-07-21",1555,"014570",,"2","9","0","3",,"2","080","-","N",,0,0,,,0,,,,"Y",1,"A","-",22107,,"N","A","H","-","A","D","0","Y","A","01",0,2,0,0,0,0,0,0,0,"-","-","UNINCORPORATED","SACRAMENTO","CA",-121.1336,38.1628
"90232864",0,0,2016,"3404","3","5","4","03",0,1,"A",,,,,,1800,7,"C","C","A","SR-51 N/B","E STREET",323,"N","N","2016-07-28",9252,"2016-07-08",1730,"018579",,"2","7","0","1",,"2","193","-","Y",,0,0,,,0,,,,"Y",2,"A","-",22350,,"N","A","H","-","A","D","0","Y","A","01",0,0,1,0,0,0,0,0,0,"-","-","SACRAMENTO","SACRAMENTO","CA",-121.27514,38.34467
"90232857",0,0,2016,"3400","5","4","4","06",0,1,"A",,,,,,1800,7,"B","C","A","DILLARD ROAD","SR-99",528,"E","N","2016-07-28",9252,"2016-07-21",1605,"015718",,"2","9","0","3",,"2","080","-","N",,0,0,,,0,,,,"Y",2,"A","-",21750,,"N","A","H","-","A","D","0","Y","A","01",0,0,1,0,0,0,0,0,0,"-","-","UNINCORPORATED","SACRAMENTO","CA",-121.3219,38.3535
"90232843",0,0,2016,"3400","3","4","4","03",0,1,"A",,,,,,900,7,"C","C","A","SR-99 N/B","12TH AVE",1056,"N","N","2016-07-28",9252,"2016-07-21",835,"017869",,"1","9","0","1",,"2","192","-","Y",,0,0,,,0,,,,"Y",3,"A","-",22350,,"N","A","H","-","A","D","0","Y","A","01",0,0,1,0,0,0,0,0,0,"-","-","UNINCORPORATED","SACRAMENTO","CA",-121.474,38.538
"90232822",0,0,2016,"3400","1","1","4","18",0,1,"A",,,,,,1200,7,"B","C","A","I-5 N/B","AIRPORT BLVD O/C",800,"S","N","2016-07-28",9250,"2016-07-25",1015,"018774",,"1","9","0","1",,"2","105","-","Y",,0,0,,,0,,,,"Y",2,"C","-",0,,"N","A","H","-","A","D","0","Y","-","-",0,0,1,0,0,0,0,0,0,"-","-","UNINCORPORATED","SACRAMENTO","CA",-121.58816,38.67139
"90232813",0,0,2016,"3400","1","6","4","03",0,1,"A",,,,"Y",,1200,7,"C","C","A","I-5 N/B","AIRPORT BLVD",400,"S","N","2016-07-28",9250,"2016-07-23",1025,"016434",,"1","9","0","1",,"2","105","-","Y",,0,0,,,0,,,,"Y",2,"A","-",22350,,"N","A","H","-","A","D","0","Y","G","25",0,0,1,0,0,0,0,0,0,"-","-","UNINCORPORATED","SACRAMENTO","CA",0,0
"90232803",0,0,2016,"3404","S","5","4","03",0,2,"A",,,,,,900,7,"C","C","A","I-80 W/B (EXPRESS LANES)","DRY CREEK RD",5,"E","N","2016-07-28",9250,"2016-07-22",735,"016434",,"1","7","0","1",,"2","185","-","Y",,0,0,,,0,,,,"N",2,"A","-",22350,,"N","A","H","-","A","D","0","Y","A","01",0,0,2,0,0,0,0,0,0,"-","-","SACRAMENTO","SACRAMENTO","CA",0,0
"90232727",-121.3458818,38.5953835,2016,"3404","4","5","4","21",0,1,"A",,,,,,1200,7,"C","C","A","FAIR OAKS BLVD","ARDEN WAY",12,"N","N","2016-07-28",9250,"2016-07-22",1047,"012922",,"1","7","0","2",,"1","056","-","N",,0,0,,,0,,,,"N",3,"A","-",22106,,"N","A","H","-","A","A","0","Y","A","01",0,0,1,0,0,0,0,0,0,"-","-","SACRAMENTO","SACRAMENTO","CA",0,0
"90232716",0,0,2016,"3404","1","4","4","03",0,1,"A",,,,,,1800,7,"C","C","A","I-5 S/B","I ST",125,"S","N","2016-07-28",9252,"2016-07-21",1746,"017048",,"2","7","0","1",,"2","108","-","Y",,0,0,,,0,,,,"Y",2,"A","-",22350,,"N","A","H","-","A","D","0","Y","A","01",0,0,1,0,0,0,0,0,0,"-","-","SACRAMENTO","SACRAMENTO","CA",-121.507,38.57512
"90232706",0,0,2016,"3404","1","2","4","03",0,1,"A",,,,,,2100,7,"C","C","A","INTERSTATE 80 E/B","DRY CREEK ROAD",1255,"W","N","2016-07-28",9250,"2016-07-26",1818,"014142",,"2","7","0","1",,"2","182","-","Y",,0,0,,,0,,,,"Y",4,"A","-",22350,,"N","A","D","-","A","D","0","Y","A","01",0,0,1,0,0,0,0,0,0,"-","-","SACRAMENTO","SACRAMENTO","CA",0,0
"90232677",0,0,2016,"3450","1","3","4","03",0,1,"A",,,,"Y",,300,7,"C","C","A","I-5 N/B","ELK GROVE BLVD",5280,"S","N","2016-07-28",9252,"2016-07-20",250,"018715",,"3","5","0","1",,"2","106","-","Y",,0,0,,,0,,,,"Y",2,"A","-",22350,,"N","A","H","-","B","D","0","Y","A","01",0,0,1,0,0,0,0,0,0,"-","-","ELK GROVE","SACRAMENTO","CA",-121.48057,38.39479
"90232554",-121.3087733,38.6636247,2016,"3400","4","1","4","01",0,3,"A",,,,,"Y",2100,7,"B","C","A","MADISON AVE","DEWEY DR",60,"W","N","2016-07-28",9250,"2016-07-18",1940,"016605",,"2","9","0","2",,"1","024","-","N",,0,0,,,0,,,,"Y",3,"A","-",23152,"A","F","A","H","-","A","D","0","Y","A","01",0,0,3,0,0,0,0,0,0,"-","-","UNINCORPORATED","SACRAMENTO","CA",0,0
"90232527",0,0,2016,"3404","1","3","4","07",0,1,"A",,,,,,1500,7,"B","C","A","I-5 S/B","ARENA BLVD O/C",300,"N","N","2016-07-28",9250,"2016-07-20",1415,"018774",,"2","7","0","1",,"2","106","-","Y",,0,0,,,0,,,,"Y",2,"A","-",21658,"A","N","A","H","-","A","D","0","Y","D","22",0,0,1,0,0,0,0,0,0,"-","-","SACRAMENTO","SACRAMENTO","CA",-121.53375,38.65649
"90232488",-121.3782931,38.661325,2016,"3400","5","7","3","09",0,1,"A",,,,,,300,7,"D","C","A","MADISON AVE","POLK ST",0,,"Y","2016-07-28",9250,"2016-07-17",245,"019266",,"3","9","0","3",,"2","010","-","N",,0,0,,,0,,,,"Y",2,"A","-",21802,"A","F","A","H","-","C","A","0","Y","D","22",0,1,0,0,0,0,0,0,0,"-","-","UNINCORPORATED","SACRAMENTO","CA",-121.3782,38.6612
"90232481",-121.372723,38.661145,2016,"3400","4","5","4","05",0,1,"A",,"Y",,,,2400,7,"D","G","A","MADISON AVE","RENICK WAY",0,,"Y","2016-07-28",9250,"2016-07-22",2200,"018835",,"3","9","0","2",,"1","016","-","N",,0,0,,,0,,,,"N",2,"A","-",21202,"A","N","A","H","-","C","A","0","Y","L","04",0,0,1,0,0,0,1,0,0,"-","-","UNINCORPORATED","SACRAMENTO","CA",-121.37272,38.66111
"90232477",0,0,2016,"3400","1","2","3","03",0,1,"A",,,,,,2400,7,"E","J","A","I-80 W/B","MADISON AVE",355,"E","N","2016-07-28",9250,"2016-07-26",2225,"018542",,"3","9","0","1",,"2","183","-","Y",,0,0,,,0,,,,"Y",1,"A","-",22350,,"N","A","H","-","C","D","0","Y","A","01",0,1,0,0,0,0,0,0,0,"-","-","UNINCORPORATED","SACRAMENTO","CA",-121.36014,38.36014
"90232435",0,0,2016,"3404","1","2","4","03",0,1,"A",,,,,,2100,7,"C","C","A","I-5 N/B","SEAMAS AVE",500,"N","N","2016-07-28",9252,"2016-07-19",1940,"018167",,"2","7","0","1",,"2","107","-","Y",,0,0,,,0,,,,"Y",2,"A","-",22350,,"N","A","H","-","A","D","0","Y","A","01",0,0,1,0,0,0,0,0,0,"-","-","SACRAMENTO","SACRAMENTO","CA",-121.51912,38.52801
"90232347",0,0,2016,"3404","3","4","3","03",0,2,"A",,,,,,1800,7,"C","C","A","SR-51 (S/B)","EL CAMINO AVE O/C",528,"N","N","2016-07-28",9250,"2016-07-21",1755,"015961",,"2","7","0","1",,"2","152","-","Y",,0,0,,,0,,,,"Y",2,"A","-",22350,,"N","A","H","-","A","D","0","Y","A","01",0,1,1,0,0,0,0,0,0,"-","-","SACRAMENTO","SACRAMENTO","CA",-121.42569,38.61204
"90232332",0,0,2016,"3400","5","7","3","11",0,1,"A","Y",,,,"Y",300,7,"G","B","D","FULTON AVE N/B","POPE AVE",160,"N","N","2016-07-28",9250,"2016-07-17",139,"017397",,"3","9","0","3",,"2","040","-","N",,0,0,,,0,,,,"Y",2,"A","-",21954,"A","N","A","H","-","C","D","0","Y","N","60",0,1,0,0,1,0,0,0,0,"-","-","UNINCORPORATED","SACRAMENTO","CA",0,0
"90232329",-121.3384962,38.6842325,2016,"3400","4","4","4","03",0,1,"A",,,,,,1800,7,"C","C","A","ELKHORN BLVD","DIABLO DR",382,"E","N","2016-07-28",9250,"2016-07-21",1650,"016907",,"2","9","0","2",,"1","014","-","N",,0,0,,,0,,,,"N",3,"A","-",22350,,"N","A","H","-","A","A","0","Y","A","07",0,0,1,0,0,0,0,0,0,"-","-","UNINCORPORATED","SACRAMENTO","CA",0,0
"90232324",-121.3464416,38.6454964,2016,"3400","4","6","4","03",0,1,"A",,,,,,1200,7,"C","C","A","WINDING WAY","WALNUT AVE",150,"W","N","2016-07-28",9250,"2016-07-16",1115,"015577",,"1","9","0","2",,"1","026","-","N",,0,0,,,0,,,,"N",2,"A","-",22350,,"N","A","H","-","A","D","0","Y","A","01",0,0,1,0,0,0,0,0,0,"-","-","UNINCORPORATED","SACRAMENTO","CA",0,0
"90232306",-121.2919925,38.648776,2016,"3400","4","7","4","00",0,1,"A",,,,,,1500,7,"B","C","A","SAN JUAN AVE","WINDING WAY",160,"S","N","2016-07-28",9250,"2016-07-24",1315,"016419",,"1","9","0","2",,"1","025","-","N",,0,0,,,0,,,,"N",2,"A","-",21658,,"N","A","H","-","A","D","0","Y","A","01",0,0,1,0,0,0,0,0,0,"-","-","UNINCORPORATED","SACRAMENTO","CA",-121.29204,38.6487
"90232302",0,0,2016,"3404","3","7","3","08",0,1,"A",,,,,,900,7,"E","I","A","STATE ROUTE 51 ","FULTON AVENUE",2640,"N","N","2016-07-28",9250,"2016-07-24",652,"16290",,"1","7","0","1",,"2","152","-","Y",,0,0,,,0,,,,"Y",1,"A","-",22107,,"N","A","H","-","A","D","0","Y","A","01",0,1,0,0,0,0,0,0,0,"-","-","SACRAMENTO","SACRAMENTO","CA",0,0
"90232256",-121.3385625,38.5714502,2016,"3400","4","3","4","08",0,2,"A",,,,,,1500,7,"C","C","A","FOLSOM BLVD","BRADSHAW RD",700,"W","N","2016-07-28",9260,"2016-07-20",1300,"017233",,"1","9","0","2",,"2","101","-","N",,0,0,,,0,,,,"Y",2,"A","-",22107,,"N","A","H","-","A","D","0","Y","A","01",0,0,2,0,0,0,0,0,0,"-","-","UNINCORPORATED","SACRAMENTO","CA",-121.2021,38.3416
"90232247",0,0,2016,"3400","1","7","4","03",0,1,"A",,,,,,1500,7,"C","C","A","I-80 W/B","WINTERS RD. O/C",40,"W","N","2016-07-28",9250,"2016-07-24",1355,"016419",,"1","9","0","1",,"2","187","-","Y",,0,0,,,0,,,,"N",2,"A","-",22350,,"N","A","D","H","A","D","0","Y","A","01",0,0,1,0,0,0,0,0,0,"-","-","UNINCORPORATED","SACRAMENTO","CA",-121.41197,38.63754
"90232194",0,0,2016,"3400","1","4","2","01",0,3,"A",,,,,"Y",2400,7,"E","I","A","I-80 W/B","WINTERS ST",188,"E","N","2016-07-28",9250,"2016-07-21",2143,"017819",,"2","9","0","1",,"2","187","-","Y",,0,0,,,0,,,,"Y",1,"A","-",23152,"A","F","A","D","-","D","D","0","Y","A","01",3,0,0,0,0,0,0,0,0,"-","-","UNINCORPORATED","SACRAMENTO","CA",0,0
"90232160",-121.4015607,38.6106753,2016,"3400","4","6","4","03",0,2,"A",,,,,,2100,7,"C","C","A","EL CAMINO AVE.","FULTON AVE.",25,"W","N","2016-07-28",9250,"2016-07-16",2028,"017862",,"2","9","0","2",,"1","044","-","N",,0,0,,,0,,,,"N",3,"A","-",22350,,"M","A","H","-","B","A","0","Y","A","01",0,0,2,0,0,0,0,0,0,"-","-","UNINCORPORATED","SACRAMENTO","CA",0,0
"90232081",-121.3355511,38.5291591,2016,"3400","3","5","4","01",0,1,"A",,,,,"Y",1500,7,"F","A","A","JACKSON RD","BRADSHAW RD",180,"W","N","2016-07-28",9260,"2016-07-15",1344,"017522",,"1","9","0","1",,"2","116","-","Y",,0,0,,,0,,,,"Y",1,"A","-",23152,"A","N","A","H","-","A","D","0","Y","A","07",0,0,1,0,0,0,0,0,0,"-","-","UNINCORPORATED","SACRAMENTO","CA",-121.33563,38.52924
"90231848",0,0,2016,"3400","5","6","3","09",0,2,"A",,,,,,1800,7,"D","C","A","ANTELOPE NORTH RD","GREAT VALLEY DR",0,,"Y","2016-07-27",9250,"2016-07-23",1530,"019069",,"2","9","0","3",,"2","010","-","N",,0,0,,,0,,,,"Y",2,"A","-",21802,"A","N","A","H","-","A","A","0","Y","A","01",0,1,1,0,0,0,0,0,0,"-","-","UNINCORPORATED","SACRAMENTO","CA",-121.1939,38.4324
"90231818",-121.3637431,38.6890551,2016,"3400","4","5","4","08",0,1,"A",,,"Y",,,1800,7,"B","G","A","WALERGA RD","DON JULIO BLVD",0,,"Y","2016-07-27",9250,"2016-07-22",1513,"019069",,"2","9","0","2",,"1","013","-","N",,0,0,,,0,,,,"N",2,"A","-",22107,,"N","A","H","-","A","A","0","Y","A","07",0,0,1,0,0,0,0,0,1,"-","-","UNINCORPORATED","SACRAMENTO","CA",0,0
"90231810",-121.4026131,38.496055,2016,"3400","4","2","3","05",0,1,"A",,"Y",,,,900,7,"H","G","A","FLORIN RD","BACCHINI AVE",0,,"Y","2016-07-27",9252,"2016-07-19",650,"019231",,"1","9","0","2",,"2","073","-","N",,0,0,,,0,,,,"N",2,"A","-",21650,,"N","A","H","-","A","A","0","Y","L","04",0,1,0,0,0,0,1,0,0,"-","-","UNINCORPORATED","SACRAMENTO","CA",-121.4025,38.49613
"90231792",0,0,2016,"3404","2","2","4","03",0,2,"A",,,,"Y",,1200,7,"C","C","A","US-50 W/B","48TH STREET",2112,"W","N","2016-07-27",9252,"2016-07-19",1140,"018575",,"1","7","0","1",,"2","151","-","Y",,0,0,,,0,,,,"N",2,"A","-",22350,,"N","A","H","-","A","D","0","Y","F","26",0,0,2,0,0,0,0,0,0,"-","-","SACRAMENTO","SACRAMENTO","CA",-121.2715,38.3333
"90231789",-121.2332719,38.6785204,2016,"3400","4","2","4","09",0,1,"A",,,,,,1800,7,"D","C","A","GREENBACK LN","ILLINOIS AVE",500,"E","N","2016-07-27",9260,"2016-07-19",1740,"014936",,"2","9","0","2",,"2","302","-","N",,0,0,,,0,,,,"Y",2,"A","-",21801,"A","N","A","H","-","A","D","0","Y","A","01",0,0,1,0,0,0,0,0,0,"-","-","UNINCORPORATED","SACRAMENTO","CA",-121.23329,38.67863
"90231742",-121.461423,38.500055,2016,"3404","4","2","4","01",0,1,"A",,,,,"Y",300,7,"E","I","A","FRANKLIN BLVD","TURNBRIDGE DR",0,,"Y","2016-07-27",9252,"2016-07-26",7,"019509",,"3","7","0","2",,"1","072","-","N",,0,0,,,0,,,,"Y",1,"A","-",23152,"A","M","A","H","-","C","A","0","Y","A","07",0,0,1,0,0,0,0,0,0,"-","-","SACRAMENTO","SACRAMENTO","CA",-121.46125,38.50006
"90231638",0,0,2016,"3400","3","2","4","03",0,1,"A",,,,,,1200,7,"C","C","A","SR-51 N/B","E STREET",3696,"N","N","2016-07-27",9252,"2016-07-19",1055,"017869",,"1","9","0","1",,"2","193","-","Y",,0,0,,,0,,,,"Y",3,"A","-",22350,,"N","A","H","-","A","D","0","Y","A","08",0,0,1,0,0,0,0,0,0,"-","-","UNINCORPORATED","SACRAMENTO","CA",-121.457,38.585
"90231617",-121.2256256,38.6627565,2016,"3400","4","5","4","08",0,2,"A",,,,,,1200,7,"E","I","A","VINCENT AVE.","HAZEL AVE",25,"E","N","2016-07-27",9260,"2016-07-15",1059,"017084",,"1","9","0","2",,"2","307","-","N",,0,0,,,0,,,,"Y",1,"A","-",22107,,"M","A","H","-","A","A","0","Y","A","01",0,0,2,0,0,0,0,0,0,"-","-","UNINCORPORATED","SACRAMENTO","CA",-121.31138,38.39961
"90231526",0,0,2016,"3400","3","2","4","09",0,2,"A",,,,,,2100,7,"D","C","A","SR-160 N/B","FREEPORT BRIDGE",3,"N","N","2016-07-27",9252,"2016-07-19",1925,"014570",,"2","9","0","1",,"1","163","-","Y",,0,0,,,0,,,,"Y",2,"A","-",21802,"A","N","A","H","-","A","A","0","Y","A","01",0,0,2,0,0,0,0,0,0,"-","-","UNINCORPORATED","SACRAMENTO","CA",-121.303,38.2719
"90231480",0,0,2016,"3400","3","2","4","03",0,2,"A",,,,,,900,7,"C","C","A","SR-51 NB","E ST",5280,"N","N","2016-07-27",9252,"2016-07-19",700,"017869",,"1","9","0","1",,"2","193","-","Y",,0,0,,,0,,,,"Y",3,"A","-",22350,,"N","A","H","-","A","D","0","Y","A","07",0,0,2,0,0,0,0,0,0,"-","-","UNINCORPORATED","SACRAMENTO","CA",-121.463,38.581
"90231466",0,0,2016,"3400","4","2","4","18",0,1,"A",,,,,,1800,7,"E","I","A","HAZEL AVENUE (S/B)","BLACK OLIVE COURT",40,"S","N","2016-07-27",9260,"2016-07-12",1655,"015289",,"2","9","0","2",,"2","307","-","N",,0,0,,,0,,,,"Y",1,"C","-",0,,"N","A","H","-","A","D","0","Y","-","-",0,0,1,0,0,0,0,0,0,"-","-","UNINCORPORATED","SACRAMENTO","CA",-121.22572,38.65542