"CASEID","POINT_X","POINT_Y","YEAR_","LOCATION","CHPTYPE","DAYWEEK","CRASHSEV","VIOLCAT","KILLED","INJURED","WEATHER1","PEDCOL","BICCOL","MCCOL","TRUCKCOL","ETOH","TIMECAT","MONTH_","CRASHTYP","INVOLVE","PED","PRIMARYRD","SECONDRD","DISTANCE","DIRECT","INTERSECT_","PROCDATE","JURIS","DATE_","TIME_","BADGE","JURIDIST","SHIFT","POP","SPECIAL","BEATTYPE","LAPDDIV","BEATCLAS","BEATNUMB","WEATHER2","STATEHW","CALTRANC","CALTRAND","STROUTE","ROUTESUF","POSTPRE","POSTMILE","LOCATYPE","RAMP","SIDEHW","TOWAWAY","PARTIES","PCF","VIOLCODE","VIOL","VIOLSUB","HITRUN","ROADSURF","RDCOND1","RDCOND2","LIGHTING","RIGHTWAY","CHPRDTYP","NOTPRIV","STFAULT","CHPFAULT","SEVINJ","OTHERINJ","COP","PEDKILL","PEDINJ","BICKILL","BICINJ","MCKILL","MCINJURE","RAMP1","RAMP2","CITY","COUNTY","STATE","X_CHP","Y_CHP"
"90223592",-121.3595685,38.5376731,2016,"3400","4","3","4","08",0,1,"A",,,,,,900,7,"E","I","A","HEDGE AVE","FRUITRIDGE RD",5280,"N","N","2016-07-15",9252,"2016-07-06",850,"017869",,"1","9","0","2",,"2","073","-","N",,0,0,,,0,,,,"Y",2,"A","-",22107,,"N","A","H","-","A","D","0","Y","A","01",0,0,1,0,0,0,0,0,0,"-","-","UNINCORPORATED","SACRAMENTO","CA",-121.363,38.525
"90223538",-121.3282031,38.632075,2016,"3400","4","3","3","01",0,1,"A",,,,,"Y",2100,7,"E","I","A","FAIR OAKS BLVD","SHIRLEY AVE",0,,"Y","2016-07-15",9250,"2016-07-13",2030,"016363",,"2","9","0","2",,"1","053","-","N",,0,0,,,0,,,,"Y",1,"A","-",23152,"A","N","A","H","-","B","D","0","Y","D","22",0,1,0,0,0,0,0,0,0,"-","-","UNINCORPORATED","SACRAMENTO","CA",0,0
"90223471",0,0,2016,"3400","3","1","4","03",0,3,"A",,,,,,900,7,"C","C","A","STATE ROUTE 99 (SOUTHBOUND)","ELKHORN BOULEVARD",200,"N","N","2016-07-15",9250,"2016-07-11",710,"015423",,"1","9","0","1",,"1","193","-","Y",,0,0,,,0,,,,"Y",2,"A","-",22350,,"N","A","H","-","A","D","0","Y","D","22",0,0,3,0,0,0,0,0,0,"-","-","UNINCORPORATED","SACRAMENTO","CA",0,0
"90223406",-121.3151531,38.663725,2016,"3400","4","3","4","03",0,1,"A",,,,,,2100,7,"C","C","A","MADISON AVE","MILLBURN ST",0,,"Y","2016-07-15",9250,"2016-07-06",1833,"017482",,"2","9","0","2",,"1","024","-","N",,0,0,,,0,,,,"N",2,"A","-",22350,,"F","A","H","-","A","A","0","Y","A","01",0,0,1,0,0,0,0,0,0,"-","-","UNINCORPORATED","SACRAMENTO","CA",0,0
"90223397",0,0,2016,"3400","3","5","4","07",0,1,"A",,,,,,1800,7,"B","C","A","SR-99 N/B","FLORIN ROAD",2640,"N","N","2016-07-15",9252,"2016-07-01",1515,"019402",,"2","9","0","1",,"2","192","-","Y",,0,0,,,0,,,,"Y",2,"A","-",21658,"A","N","A","H","-","A","D","0","Y","-","-",0,0,1,0,0,0,0,0,0,"-","-","UNINCORPORATED","SACRAMENTO","CA",-121.4517,38.50151
"90223389",-121.336693,38.648065,2016,"3400","5","2","3","09",0,2,"A",,,,,,1800,7,"D","C","A","GARFIELD AVE","WINDING WAY",0,,"Y","2016-07-15",9250,"2016-07-05",1618,"017482",,"2","9","0","3",,"2","050","-","N",,0,0,,,0,,,,"Y",2,"A","-",21453,"C","N","A","H","-","A","A","0","Y","A","01",0,1,1,0,0,0,0,0,0,"-","-","UNINCORPORATED","SACRAMENTO","CA",0,0
"90223377",-121.3527832,38.691625,2016,"3400","5","3","4","08",0,2,"A",,,,,,900,7,"C","C","A","DON JULIO BLVD.","GANNET WAY",0,,"N","2016-07-15",9250,"2016-07-13",738,"018260",,"1","9","0","3",,"2","010","-","N",,0,0,,,0,,,,"Y",2,"A","-",22103,,"N","A","H","-","A","D","0","Y","D","22",0,0,2,0,0,0,0,0,0,"-","-","UNINCORPORATED","SACRAMENTO","CA",0,0
"90223364",-121.328623,38.6169951,2016,"3400","4","7","4","09",0,1,"A",,,"Y",,,2400,7,"H","G","A","FAIR OAKS BLVD","PALM DR",0,,"Y","2016-07-15",9250,"2016-07-03",2320,"018872",,"3","9","0","2",,"1","053","-","N",,0,0,,,0,,,,"N",2,"A","-",21453,"B","N","A","H","-","C","A","0","Y","A","01",0,0,1,0,0,0,0,0,1,"-","-","UNINCORPORATED","SACRAMENTO","CA",0,0
"90223362",-121.3374481,38.6606851,2016,"3400","5","7","4","03",0,1,"A",,,,,,2100,7,"C","C","A","MADISON AVE.","GARFIELD AVE",10,"E","N","2016-07-15",9250,"2016-07-03",2027,"017862",,"2","9","0","3",,"2","020","-","N",,0,0,,,0,,,,"N",2,"A","-",22350,,"F","A","H","-","A","A","0","Y","A","01",0,0,1,0,0,0,0,0,0,"-","-","UNINCORPORATED","SACRAMENTO","CA",0,0
"90223148",-121.3905731,38.5007613,2016,"3400","5","5","4","05",0,2,"A",,,,"Y",,600,7,"D","C","A","FLORIN PERKINS RD","CLOVELY LN",5,"S","N","2016-07-14",9252,"2016-07-08",450,"019793",,"3","9","0","3",,"2","074","-","N",,0,0,,,0,,,,"Y",2,"A","-",21460,,"N","A","H","-","B","D","0","Y","A","01",0,0,2,0,0,0,0,0,0,"-","-","UNINCORPORATED","SACRAMENTO","CA",-121.39058,38.50079
"90223129",0,0,2016,"3404","2","5","3","03",0,1,"A",,,,,,1800,7,"C","C","A","US-50 W/B","11TH ST",100,"W","N","2016-07-14",9252,"2016-07-08",1720,"018167",,"2","7","0","1",,"2","150","-","Y",,0,0,,,0,,,,"Y",2,"A","-",22350,,"N","A","H","-","A","D","0","Y","A","01",0,1,0,0,0,0,0,0,0,"-","-","SACRAMENTO","SACRAMENTO","CA",-121.49494,38.5654
"90223120",0,0,2016,"3404","1","5","4","08",0,1,"A",,,,,,1200,7,"E","I","A","I-5 S/B TO RICHARDS BLVD","RICHARDS BLVD",550,"N","N","2016-07-14",9252,"2016-07-08",1100,"018649",,"1","7","0","1",,"2","108","-","Y",,0,0,,,0,,,,"Y",1,"A","-",22107,,"N","A","H","-","A","D","0","Y","A","01",0,0,1,0,0,0,0,0,0,"-","-","SACRAMENTO","SACRAMENTO","CA",-121.50449,38.59862
"90223082",0,0,2016,"3400","3","4","4","03",0,1,"A",,,,,,1500,7,"C","C","A","SR-99 N/B","BROADWAY",1584,"S","N","2016-07-14",9252,"2016-07-07",1315,"018976",,"1","9","0","1",,"2","192","-","Y",,0,0,,,0,,,,"Y",2,"A","-",22350,,"N","A","H","-","A","D","0","Y","A","01",0,0,1,0,0,0,0,0,0,"-","-","UNINCORPORATED","SACRAMENTO","CA",-121.47371,38.55128
"90223030",0,0,2016,"3404","1","4","4","08",0,1,"A",,,,,"Y",2400,7,"B","C","A","I-5 S/B","SUTTERVILLE RD",1125,"N","N","2016-07-14",9252,"2016-07-07",2206,"018407",,"3","7","0","1",,"2","107","-","Y",,0,0,,,0,,,,"N",2,"A","-",22107,,"N","A","H","-","D","D","0","Y","A","07",0,0,1,0,0,0,0,0,0,"-","-","SACRAMENTO","SACRAMENTO","CA",-121.50938,38.54374
"90222997",-121.4283231,38.502405,2016,"3400","4","4","4","09",0,1,"A",,,,,,1200,7,"D","C","A","65TH STREET","53RD AVENUE",0,,"Y","2016-07-14",9252,"2016-07-07",1056,"018648",,"1","9","0","2",,"1","071","-","N",,0,0,,,0,,,,"Y",2,"A","-",21804,"A","N","A","H","-","A","D","0","Y","A","08",0,0,1,0,0,0,0,0,0,"-","-","UNINCORPORATED","SACRAMENTO","CA",-121.42824,38.50257
"90222989",0,0,2016,"3404","3","4","4","08",0,2,"A",,,,,,2100,7,"E","I","A","SR-99 S/B","2ND AVE",16,"N","N","2016-07-14",9252,"2016-07-07",1855,"015718",,"2","7","0","1",,"2","192","-","Y",,0,0,,,0,,,,"Y",1,"A","-",22107,,"N","A","H","-","A","D","0","Y","A","01",0,0,2,0,0,0,0,0,0,"-","-","SACRAMENTO","SACRAMENTO","CA",-121.47469,38.5543
"90222982",0,0,2016,"3404","3","4","4","03",0,1,"A",,,,,,1200,7,"C","C","A","STATE ROUTE (SR) 99 NORTHBOUND","47TH AVENUE",1584,"N","N","2016-07-14",9252,"2016-07-07",910,"015006",,"1","7","0","1",,"2","192","-","Y",,0,0,,,0,,,,"Y",3,"A","-",22350,,"N","A","H","-","A","D","0","Y","A","01",0,0,1,0,0,0,0,0,0,"-","-","SACRAMENTO","SACRAMENTO","CA",-121.3126,38.721
"90222977",0,0,2016,"3404","1","1","4","01",0,1,"A",,,,,"Y",2400,7,"C","C","A","I-5 N/B","ARENA BLVD. ",100,"N","N","2016-07-14",9250,"2016-07-04",2202,"018542",,"3","7","0","1",,"2","105","-","Y",,0,0,,,0,,,,"N",2,"A","-",23152,"A","N","A","H","-","D","D","0","Y","A","01",0,0,1,0,0,0,0,0,0,"-","-","SACRAMENTO","SACRAMENTO","CA",-121.52617,38.64366
"90222928",0,0,2016,"3400","1","1","4","03",0,1,"A",,,,,,300,7,"C","C","A","I-80 W/B","MADISON AVE",600,"W","N","2016-07-14",9250,"2016-07-04",43,"019169",,"3","9","0","1",,"2","183","-","Y",,0,0,,,0,,,,"Y",2,"A","-",22350,,"N","A","H","-","D","D","0","Y","A","01",0,0,1,0,0,0,0,0,0,"-","-","UNINCORPORATED","SACRAMENTO","CA",0,0
"90222900",-121.4154525,38.5786055,2016,"3400","4","1","4","03",0,2,"A",,,,,,1200,7,"C","C","A","HOWE AVE","SIERRA BLVD",215,"N","N","2016-07-14",9250,"2016-07-11",1135,"017752",,"1","9","0","2",,"1","041","-","N",,0,0,,,0,,,,"N",2,"A","-",22350,,"N","A","H","-","A","D","0","Y","A","01",0,0,2,0,0,0,0,0,0,"-","-","UNINCORPORATED","SACRAMENTO","CA",0,0
"90222897",-121.4057831,38.574325,2016,"3400","4","1","4","03",0,1,"A",,,,,,1500,7,"C","C","A","FAIR OAKS BLVD","FAIRGATE RD",0,,"Y","2016-07-20",9250,"2016-07-11",1220,"018774",,"1","9","0","2",,"1","048","-","N",,0,0,,,0,,,,"Y",3,"A","-",22350,,"N","A","H","-","A","D","0","Y","A","01",0,0,1,0,0,0,0,0,0,"-","-","UNINCORPORATED","SACRAMENTO","CA",-121.40574,38.57423
"90222838",-121.3736431,38.676945,2016,"3400","5","1","4","12",0,2,"A",,,,,,1500,7,"D","C","A","STEPHEN DRIVE","CHANNING DRIVE",0,,"Y","2016-07-14",9250,"2016-07-04",1450,"016731",,"2","9","0","3",,"2","010","-","N",,0,0,,,0,,,,"Y",2,"A","-",22450,"A","F","A","H","-","A","D","0","Y","A","01",0,0,2,0,0,0,0,0,0,"-","-","UNINCORPORATED","SACRAMENTO","CA",-121.37375,38.67713
"90222799",-121.364503,38.610245,2016,"3400","4","3","4","12",0,1,"A",,,,,,1800,7,"D","C","A","EASTERN AVE","EL CAMINO AVE",0,,"Y","2016-07-14",9250,"2016-07-13",1520,"016363",,"2","9","0","2",,"1","051","-","N",,0,0,,,0,,,,"Y",2,"A","-",21453,"A","N","A","H","-","A","A","0","Y","A","07",0,0,1,0,0,0,0,0,0,"-","-","UNINCORPORATED","SACRAMENTO","CA",0,0
"90222784",-121.3551977,38.6544422,2016,"3400","5","1","4","09",0,1,"A",,,,,,1800,7,"D","C","A","DATE AVE","MYRTLE AVE",232,"N","N","2016-07-14",9250,"2016-07-11",1650,"016244",,"2","9","0","3",,"2","020","-","Y",,0,0,,,0,,,,"Y",2,"A","-",21804,"A","N","A","H","-","A","D","0","Y","A","01",0,0,1,0,0,0,0,0,0,"-","-","UNINCORPORATED","SACRAMENTO","CA",0,0
"90222747",-121.3286331,38.6168278,2016,"3400","4","2","4","03",0,2,"A",,,,,,1800,7,"C","C","A","FAIR OAKS BLVD","MARCONI AVE",50,"S","N","2016-07-14",9250,"2016-07-12",1655,"016363",,"2","9","0","2",,"1","053","-","N",,0,0,,,0,,,,"N",3,"A","-",22350,,"N","A","H","-","A","D","0","Y","D","22",0,0,2,0,0,0,0,0,0,"-","-","UNINCORPORATED","SACRAMENTO","CA",0,0
"90222727",0,0,2016,"3404","1","3","4","03",0,1,"A",,,,,,1800,7,"C","C","A","I-5 S/B","SUTTERVILLE RD",1000,"N","N","2016-07-14",9252,"2016-07-06",1550,"018167",,"2","7","0","1",,"2","107","-","Y",,0,0,,,0,,,,"Y",2,"A","-",22350,,"N","A","H","-","A","D","0","Y","A","01",0,0,1,0,0,0,0,0,0,"-","-","SACRAMENTO","SACRAMENTO","CA",-121.5093,38.54455
"90222718",-121.5089568,38.4788008,2016,"3404","1","3","4","03",0,1,"A",,,,,,900,7,"C","C","A","I-5","POCKET RD.",1056,"S","N","2016-07-14",9252,"2016-07-06",820,"014833",,"1","7","0","1",,"2","106","-","Y",,0,0,,,0,,,,"Y",4,"A","-",22350,,"N","A","H","-","A","D","0","Y","A","01",0,0,1,0,0,0,0,0,0,"-","-","SACRAMENTO","SACRAMENTO","CA",-121.50586,38.47668
"90222640",0,0,2016,"3400","3","2","3","03",0,2,"A",,,,,,1200,7,"C","C","A","SR-99 S/B","CALVINE RD",528,"N","N","2016-07-14",9252,"2016-07-05",1128,"019231",,"1","9","0","1",,"2","191","-","Y",,0,0,,,0,,,,"Y",2,"A","-",22350,,"N","A","H","-","A","D","0","Y","A","01",0,1,1,0,0,0,0,0,0,"-","-","UNINCORPORATED","SACRAMENTO","CA",-121.4125,38.46032
"90222618",-121.4589131,38.532195,2016,"3400","4","2","4","12",0,1,"A",,"Y",,,,1500,7,"H","G","A","23RD AVE","DEL NORTE BLVD.",0,,"Y","2016-08-15",9252,"2016-07-05",1220,"018723",,"1","9","0","2",,"1","071","-","N",,0,0,,,0,,,,"N",2,"A","-",22450,"A","N","A","H","-","A","A","0","Y","L","04",0,0,1,0,0,0,1,0,0,"-","-","UNINCORPORATED","SACRAMENTO","CA",-121.4588,38.5321
"90222611",-121.4415531,38.496225,2016,"3400","4","2","4","12",0,1,"A",,,,,,2400,7,"D","C","A","6TH PARKWAY","FLORIN ROAD",0,,"Y","2016-07-14",9252,"2016-07-05",2350,"018581",,"3","9","0","2",,"2","073","-","N",,0,0,,,0,,,,"Y",2,"A","-",21453,"A","F","A","H","-","C","A","0","Y","-","99",0,0,1,0,0,0,0,0,0,"-","-","UNINCORPORATED","SACRAMENTO","CA",-121.44158,38.49605
"90222590",0,0,2016,"3404","1","2","4","03",0,1,"A",,,,,,1500,7,"C","C","A","I-80 E/B","NORTHGATE BLVD",1056,"E","N","2016-07-14",9250,"2016-07-12",1455,"017620",,"2","7","0","1",,"2","182","-","Y",,0,0,,,0,,,,"N",3,"A","-",22350,,"N","A","H","-","A","D","0","Y","A","07",0,0,1,0,0,0,0,0,0,"-","-","SACRAMENTO","SACRAMENTO","CA",0,0
"90222588",-121.3568185,38.6609424,2016,"3404","4","3","4","03",0,1,"A",,,,,,1500,7,"C","C","A","MADISON AVENUE","DATE AVENUE",470,"W","N","2016-07-14",9250,"2016-07-13",1435,"016213",,"2","7","0","2",,"1","024","-","N",,0,0,,,0,,,,"N",2,"A","-",22350,,"N","A","H","-","A","D","0","Y","A","01",0,0,1,0,0,0,0,0,0,"-","-","SACRAMENTO","SACRAMENTO","CA",-121.35692,36.6609
"90222567",0,0,2016,"3400","5","1","4","09",0,1,"A",,,,,,1500,7,"D","C","A","WINTERS STREET","DEAN ROAD",0,,"Y","2016-07-14",9250,"2016-07-11",1245,"015423",,"1","9","0","3",,"2","060","-","N",,0,0,,,0,,,,"N",2,"A","-",21802,"A","N","A","H","-","A","A","0","Y","I","11",0,0,1,0,0,0,0,0,0,"-","-","UNINCORPORATED","SACRAMENTO","CA",0,0
"90222565",0,0,2016,"3400","3","1","4","03",0,1,"A",,,,,,900,7,"C","C","A","SR-51 S/B","WATT AVE O/C",400,"N","N","2016-07-14",9250,"2016-07-11",820,"018774",,"1","9","0","1",,"2","152","-","Y",,0,0,,,0,,,,"Y",3,"A","-",22350,,"N","A","H","-","A","D","0","Y","A","01",0,0,1,0,0,0,0,0,0,"-","-","UNINCORPORATED","SACRAMENTO","CA",-121.38206,38.64094
"90222555",0,0,2016,"3404","2","2","4","03",0,1,"A",,,,,,1500,7,"C","C","A","US-50 W/B","HORNET DR",600,"W","N","2016-07-14",9252,"2016-07-05",1440,"018119",,"2","7","0","1",,"2","151","-","Y",,0,0,,,0,,,,"Y",5,"A","-",22350,,"N","A","H","-","A","D","0","Y","A","07",0,0,1,0,0,0,0,0,0,"-","-","SACRAMENTO","SACRAMENTO","CA",-121.42083,38.55109
"90222541",-121.3279331,38.673265,2016,"3400","4","1","4","17",0,2,"A",,,,,,2400,7,"D","C","A","AUBURN BLVD","MANZANITA AVE",0,,"Y","2016-09-23",9250,"2016-07-11",2215,"018725",,"3","9","0","2",,"1","021","-","N",,0,0,,,0,,,,"Y",2,"A","-",21451,"A","N","A","H","-","C","A","0","Y","A","01",0,0,2,0,0,0,0,0,0,"-","-","UNINCORPORATED","SACRAMENTO","CA",-121.32792,38.67324
"90222339",-121.3471044,38.6751059,2016,"3400","5","1","3","17",0,1,"A",,,"Y",,,2100,7,"A","E","A","DIABLO DR","OAKBANK DR",70,"E","N","2016-07-13",9250,"2016-07-04",2030,"018382",,"2","9","0","3",,"2","010","-","N",,0,0,,,0,,,,"N",2,"A","-",21209,"A","N","A","H","-","A","D","0","Y","C","02",0,1,0,0,0,0,0,0,1,"-","-","UNINCORPORATED","SACRAMENTO","CA",0,0
"90222232",0,0,2016,"3404","3","1","4","01",0,1,"A",,,,,"Y",2400,7,"C","C","A","SR-51 S/B","EXPOSITION BLVD",2640,"N","N","2016-07-13",9250,"2016-07-04",2305,"018725",,"3","7","0","1",,"2","152","-","Y",,0,0,,,0,,,,"Y",2,"A","-",23152,"A","N","A","H","-","D","D","0","Y","A","01",0,0,1,0,0,0,0,0,0,"-","-","SACRAMENTO","SACRAMENTO","CA",-121.43923,38.60053
"90222230",-121.3365431,38.6829051,2016,"3400","5","5","4","03",0,1,"A",,,,,,1800,7,"C","C","A","GREENBACK BLVD.","I-80",50,"E","N","2016-07-13",9250,"2016-07-08",1525,"019090",,"2","9","0","3",,"2","020","-","Y",,0,0,,,0,,,,"N",3,"A","-",22350,,"N","A","H","-","A","D","0","Y","A","01",0,0,1,0,0,0,0,0,0,"-","-","UNINCORPORATED","SACRAMENTO","CA",0,0
"90222204",-121.5364181,38.614734,2016,"3404","1","4","4","00",0,3,"A",,,,"Y",,1800,7,"B","C","A","I-80 EASTBOUND","WEST EL CAMINO AVE",300,"W","N","2016-07-13",9250,"2016-07-07",1540,"019090",,"2","7","0","1",,"2","182","-","Y",,0,0,,,0,,,,"N",3,"A","-",21658,,"N","A","H","-","A","D","0","Y","G","25",0,0,3,0,0,0,0,0,0,"-","-","SACRAMENTO","SACRAMENTO","CA",0,0
"90222191",0,0,2016,"3400","4","5","4","03",0,2,"A",,,,,,1200,7,"C","C","A","WATT AVE. N/B","FREEDOM PARK DR.",325,"N","N","2016-07-13",9250,"2016-07-08",1140,"017762",,"1","9","0","2",,"1","011","-","N",,0,0,,,0,,,,"Y",2,"A","-",22350,,"N","A","H","-","A","A","0","Y","A","07",0,0,2,0,0,0,0,0,0,"-","-","UNINCORPORATED","SACRAMENTO","CA",0,0
"90222182",-121.3644931,38.713345,2016,"3400","4","6","3","09",0,5,"A",,,,,,900,7,"D","C","A","WALERGA RD.","ELVERTA RD.",0,,"Y","2016-07-13",9250,"2016-07-02",700,"017762",,"1","9","0","2",,"1","013","-","N",,0,0,,,0,,,,"Y",2,"A","-",21453,"C","N","A","H","-","A","A","0","Y","A","01",0,3,2,0,0,0,0,0,0,"-","-","UNINCORPORATED","SACRAMENTO","CA",0,0
"90222177",-121.3517331,38.6929351,2016,"3400","4","6","3","12",0,3,"A",,,,,,1500,7,"D","C","A","ELKHORN BLVD.","DON JULIO BLVD.",0,,"Y","2016-07-13",9250,"2016-07-02",1330,"017762",,"1","9","0","2",,"1","014","-","N",,0,0,,,0,,,,"Y",2,"A","-",21453,"A","N","A","H","-","A","A","0","Y","A","01",0,1,2,0,0,0,0,0,0,"-","-","UNINCORPORATED","SACRAMENTO","CA",0,0
"90222165",-121.4615131,38.6840151,2016,"3400","4","2","4","09",0,2,"A",,,,,,900,7,"D","C","A","ELKHORN BLVD","2ND ST",0,,"Y","2016-07-13",9250,"2016-07-05",835,"018774",,"1","9","0","2",,"1","064","-","N",,0,0,,,0,,,,"N",2,"A","-",21802,"A","N","A","H","-","A","A","0","Y","A","01",0,0,2,0,0,0,0,0,0,"-","-","UNINCORPORATED","SACRAMENTO","CA",-121.46151,38.68396
"90222159",0,0,2016,"3404","1","3","3","07",0,1,"A",,,,,,2400,7,"E","I","A","I-5 S/B","GARDEN HWY",315,"N","N","2016-07-13",9250,"2016-07-06",2105,"018542",,"2","7","0","1",,"2","106","-","Y",,0,0,,,0,,,,"Y",2,"A","-",21658,"A","F","A","D","-","C","A","0","Y","A","01",0,1,0,0,0,0,0,0,0,"-","-","SACRAMENTO","SACRAMENTO","CA",-121.50839,38.60747
"90222118",-121.3946237,38.6106153,2016,"3400","4","3","4","08",0,1,"A",,,,,,2100,7,"E","I","A","EL CAMINO AVE","PENNLAND DR",3,"W","N","2016-07-13",9250,"2016-07-06",1909,"016957",,"2","9","0","2",,"1","044","-","N",,0,0,,,0,,,,"N",1,"A","-",22107,,"N","A","H","-","A","D","0","Y","A","01",0,0,1,0,0,0,0,0,0,"-","-","UNINCORPORATED","SACRAMENTO","CA",0,0
"90221950",-121.3919332,38.5958728,2016,"3400","4","3","4","09",0,1,"A",,,,,,1500,7,"D","C","A","ARDEN WAY ","MORSE AVE.",80,"E","N","2016-07-13",9250,"2016-07-06",1335,"015342",,"1","9","0","2",,"1","046","-","N",,0,0,,,0,,,,"Y",2,"A","-",21804,"A","N","A","H","-","A","D","0","Y","A","01",0,0,1,0,0,0,0,0,0,"-","-","UNINCORPORATED","SACRAMENTO","CA",0,0
"90221936",0,0,2016,"3400","4","3","4","03",0,1,"A",,,,,,900,7,"C","C","A","MARCONI AVE. W/B","HOWE AVE.",250,"E","N","2016-07-13",9250,"2016-07-06",735,"015342",,"1","9","0","2",,"1","042","-","N",,0,0,,,0,,,,"Y",3,"A","-",22350,,"N","A","H","-","A","D","0","Y","B","01",0,0,1,0,0,0,0,0,0,"-","-","UNINCORPORATED","SACRAMENTO","CA",0,0
"90221859",-121.2979131,38.509442,2016,"3400","5","1","3","08",0,1,"A",,,,,,2100,7,"E","I","A","EXCELSIOR ROAD","ELDER CREEK ROAD",500,"S","N","2016-07-13",9252,"2016-07-04",1816,"018974",,"2","9","0","3",,"2","074","-","N",,0,0,,,0,,,,"Y",1,"A","-",22107,,"N","A","H","-","A","D","0","Y","A","01",0,1,0,0,0,0,0,0,0,"-","-","UNINCORPORATED","SACRAMENTO","CA",-121.29797,38.50957
"90221830",0,0,2016,"3404","3","1","3","01",0,1,"A",,,,,"Y",2100,7,"E","I","A","US-50 W/B FROM SR-51 S/B","US-50 W/B",400,"N","N","2016-07-13",9252,"2016-07-04",1818,"018477",,"2","7","0","1",,"2","193","-","Y",,0,0,,,0,,,,"Y",1,"A","-",23152,"A","N","A","H","-","A","D","0","Y","A","01",0,1,0,0,0,0,0,0,0,"-","-","SACRAMENTO","SACRAMENTO","CA",-121.47485,38.56018
"90221804",0,0,2016,"3400","3","1","4","01",0,1,"A",,,,,"Y",1800,7,"F","A","A","SR-104 W/B","CHEROKEE LN",1000,"E","N","2016-07-13",9252,"2016-07-04",1755,"018730",,"2","9","0","1",,"1","104","-","Y",,0,0,,,0,,,,"Y",1,"A","-",23152,"A","N","A","H","-","A","D","0","Y","A","01",0,0,1,0,0,0,0,0,0,"-","-","UNINCORPORATED","SACRAMENTO","CA",-121.2604,38.2919
"90221785",0,0,2016,"3404","S","2","4","03",0,1,"A",,,,,,1200,7,"C","C","A","I-80 W/B","I-5",1056,"E","N","2016-07-13",9250,"2016-07-05",900,"017752",,"1","7","0","1",,"2","185","-","Y",,0,0,,,0,,,,"Y",2,"A","-",22350,,"N","A","D","H","A","D","0","Y","A","01",0,0,1,0,0,0,0,0,0,"-","-","SACRAMENTO","SACRAMENTO","CA",0,0
"90221778",-121.3722067,38.5426382,2016,"3400","4","1","3","01",0,1,"A",,,,,"Y",2400,7,"E","I","A","SOUTH WATT AVE","CANBERRA DR",75,"N","N","2016-07-13",9260,"2016-07-04",2220,"016371",,"3","9","0","2",,"2","101","-","N",,0,0,,,0,,,,"Y",1,"A","-",23152,"A","N","A","H","-","D","A","0","Y","A","01",0,1,0,0,0,0,0,0,0,"-","-","UNINCORPORATED","SACRAMENTO","CA",0,0
"90221719",0,0,2016,"3404","4","1","4","08",0,1,"A",,"Y",,,,300,7,"H","G","A","STOCKTON BLVD S/B","WALTER AVE",300,"S","N","2016-07-13",9252,"2016-07-04",15,"019509",,"3","7","0","2",,"2","073","-","N",,0,0,,,0,,,,"N",2,"A","-",22107,,"F","A","H","-","C","D","0","Y","-","99",0,0,1,0,0,0,1,0,0,"-","-","SACRAMENTO","SACRAMENTO","CA",-121.42352,38.48406
"90221701",-121.4091979,38.4961056,2016,"3400","4","6","4","07",0,1,"A",,,,,,1800,7,"B","C","A","FLORIN RD.","POWER INN RD.",50,"W","N","2016-07-13",9252,"2016-07-02",1500,"018423",,"2","9","0","2",,"2","073","-","N",,0,0,,,0,,,,"N",2,"A","-",21658,"A","N","A","H","-","A","D","0","Y","A","01",0,0,1,0,0,0,0,0,0,"-","-","UNINCORPORATED","SACRAMENTO","CA",-121.40935,38.49602
"90221588",0,0,2016,"3404","3","6","4","03",0,6,"A",,,,,,1500,7,"C","C","A","SR-99 N/B","12TH AVENUE",2640,"N","N","2016-07-13",9252,"2016-07-02",1311,"018648",,"1","7","0","1",,"2","192","-","Y",,0,0,,,0,,,,"Y",3,"A","-",22350,,"N","A","H","-","A","D","0","Y","A","01",0,0,6,0,0,0,0,0,0,"-","-","SACRAMENTO","SACRAMENTO","CA",-121.2826,38.3254
"90221537",-121.4420631,38.503545,2016,"3400","4","7","3","01",0,1,"A",,,,,,2100,7,"E","I","A","STEINER DR","53RD AVE",0,,"Y","2016-07-13",9252,"2016-07-03",2025,"018423",,"2","9","0","2",,"1","071","-","N",,0,0,,,0,,,,"Y",1,"A","-",23152,"E","N","A","H","-","C","A","0","Y","A","01",0,1,0,0,0,0,0,0,0,"-","-","UNINCORPORATED","SACRAMENTO","CA",-121.44206,38.50359
"90221266",0,0,2016,"3404","1","5","4","03",0,1,"A",,,,,,1200,7,"C","C","A","I-5 N/B","DEL PASO BLVD O/C",1267,"N","N","2016-07-12",9250,"2016-07-01",1135,"018774",,"1","7","0","1",,"2","105","-","Y",,0,0,,,0,,,,"N",3,"A","-",22350,,"N","A","H","-","A","D","0","Y","A","01",0,0,1,0,0,0,0,0,0,"-","-","SACRAMENTO","SACRAMENTO","CA",-121.53645,38.66225
"90221264",0,0,2016,"3404","S","3","4","03",0,3,"A",,,,,,1500,7,"C","C","A","I-80 W/B","W. EL CAMINO AVE O/C",1350,"W","N","2016-07-12",9250,"2016-07-06",1335,"018774",,"1","7","0","1",,"2","185","-","Y",,0,0,,,0,,,,"Y",2,"A","-",22350,,"N","A","D","H","A","D","0","Y","A","01",0,0,3,0,0,0,0,0,0,"-","-","SACRAMENTO","SACRAMENTO","CA",-121.53848,38.61234