"CASEID","POINT_X","POINT_Y","YEAR_","LOCATION","CHPTYPE","DAYWEEK","CRASHSEV","VIOLCAT","KILLED","INJURED","WEATHER1","PEDCOL","BICCOL","MCCOL","TRUCKCOL","ETOH","TIMECAT","MONTH_","CRASHTYP","INVOLVE","PED","PRIMARYRD","SECONDRD","DISTANCE","DIRECT","INTERSECT_","PROCDATE","JURIS","DATE_","TIME_","BADGE","JURIDIST","SHIFT","POP","SPECIAL","BEATTYPE","LAPDDIV","BEATCLAS","BEATNUMB","WEATHER2","STATEHW","CALTRANC","CALTRAND","STROUTE","ROUTESUF","POSTPRE","POSTMILE","LOCATYPE","RAMP","SIDEHW","TOWAWAY","PARTIES","PCF","VIOLCODE","VIOL","VIOLSUB","HITRUN","ROADSURF","RDCOND1","RDCOND2","LIGHTING","RIGHTWAY","CHPRDTYP","NOTPRIV","STFAULT","CHPFAULT","SEVINJ","OTHERINJ","COP","PEDKILL","PEDINJ","BICKILL","BICINJ","MCKILL","MCINJURE","RAMP1","RAMP2","CITY","COUNTY","STATE","X_CHP","Y_CHP"
"8127196",-121.4376931,38.423435,2016,"3450","0","6","4","09",0,1,"A",,,,,,1800,9,"D","C","A","LAGUNA BL","LAGUNA PARK DR",0,,"Y","2016-09-22",340,"2016-09-03",1510,"10597","2303","5","5","0","0",,"0","002","-","N",,0,0,,,0,,,,"Y",2,"A","-",21453,"C","N","A","H","-","A","A","0","Y","A","01",0,0,1,0,0,0,0,0,0,"-","-","ELK GROVE","SACRAMENTO","CA",0,0
"8127192",-121.5000961,38.5821106,2016,"3404","0","5","4","10",0,1,"A","Y",,,,,900,9,"G","B","B","5TH ST","J ST",6,"N","N","2016-09-22",3404,"2016-09-16",655,"0256",,"5","7","0","0",,"0",,"-","N",,0,0,,,0,,,,"N",2,"A","-",21950,"A","F","A","D","-","A","A","0","Y","A","01",0,0,1,0,1,0,0,0,0,"-","-","SACRAMENTO","SACRAMENTO","CA",0,0
"8127188",-121.3913416,38.5468431,2016,"3404","0","2","3","03",0,1,"A",,,"Y",,,2100,9,"F","I","A","KIEFER BL","FLORIN PERKINS RD",261,"E","N","2016-09-22",3404,"2016-09-06",1817,"428","P6","5","7","0","0",,"0","06E","-","N",,0,0,,,0,,,,"Y",1,"A","-",22350,,"N","A","B","-","A","D","0","Y","C","02",0,1,0,0,0,0,0,0,1,"-","-","SACRAMENTO","SACRAMENTO","CA",0,0
"8127184",-121.4844931,38.572995,2016,"3404","0","3","3","09",0,2,"A",,,,,,1800,9,"D","C","A","18TH ST","N ST",0,,"Y","2016-09-22",3404,"2016-09-14",1710,"0794",,"5","7","0","0",,"0",,"-","N",,0,0,,,0,,,,"N",2,"A","-",21802,"A","N","A","H","-","A","D","0","Y","A","01",0,1,1,0,0,0,0,0,0,"-","-","SACRAMENTO","SACRAMENTO","CA",0,0
"8127180",-121.4590967,38.5559596,2016,"3404","0","3","4","03",0,2,"A",,,,,,1500,9,"C","C","A","STOCKTON BL","T ST",1584,"S","N","2016-09-22",3404,"2016-09-14",1450,"8180","6","5","7","0","0",,"0","00B","-","N",,0,0,,,0,,,,"N",2,"A","-",22350,,"N","A","H","-","A","A","0","Y","A","01",0,0,2,0,0,0,0,0,0,"-","-","SACRAMENTO","SACRAMENTO","CA",0,0
"8127176",-121.4310632,38.6129251,2016,"3404","0","3","2","03",0,1,"A",,"Y",,,,2100,9,"H","G","A","FRIENZA AV","PRINCETON ST",300,"W","N","2016-09-22",3404,"2016-09-14",1815,"961","2","5","7","0","0",,"0","00C","-","N",,0,0,,,0,,,,"N",2,"A","-",22350,,"N","A","H","-","B","D","0","Y","A","01",1,0,0,0,0,0,1,0,0,"-","-","SACRAMENTO","SACRAMENTO","CA",0,0
"8127172",-121.4174631,38.390675,2016,"3450","0","7","4","09",0,7,"A",,,,,,2100,9,"D","C","A","BRUCEVILLE RD","QUAIL RUN LN",0,,"Y","2016-09-22",340,"2016-09-11",2044,"10076","4401","5","5","0","0",,"0","004","-","N",,0,0,,,0,,,,"Y",2,"A","-",21801,"A","N","A","H","-","C","D","0","Y","A","01",0,0,7,0,0,0,0,0,0,"-","-","ELK GROVE","SACRAMENTO","CA",0,0
"8127171",-121.4117231,38.572785,2016,"3404","0","3","3","09",0,1,"A",,,"Y",,,1200,9,"D","C","A","SCRIPPS DR","FULLERTON CT",0,,"Y","2016-09-22",3404,"2016-09-14",1144,"8129","6","5","7","0","0",,"0","06E","-","N",,0,0,,,0,,,,"N",2,"A","-",21801,"A","N","A","H","-","A","D","0","Y","A","01",0,1,0,0,0,0,0,0,1,"-","-","SACRAMENTO","SACRAMENTO","CA",0,0
"8127168",-121.4482179,38.4231051,2016,"3450","0","2","3","09",0,1,"A",,,,,,2100,9,"D","C","A","LAGUNA BL","FRANKLIN BL",30,"W","N","2016-09-22",340,"2016-09-06",1808,"10621","2108","5","5","0","0",,"0","002","-","N",,0,0,,,0,,,,"Y",3,"A","-",21800,"A","N","A","H","-","A","A","0","Y","A","01",0,1,0,0,0,0,0,0,0,"-","-","ELK GROVE","SACRAMENTO","CA",0,0
"8127167",-121.5015738,38.5650543,2016,"3404","0","4","3","08",0,1,"A",,,,,,900,9,"E","I","A","9TH ST","X ST",81,"S","N","2016-09-22",3404,"2016-09-15",719,"8163","4","5","7","0","0",,"0","00A","-","N",,0,0,,,0,,,,"Y",2,"A","-",22107,,"N","A","H","-","A","D","0","Y","A","01",0,1,0,0,0,0,0,0,0,"-","-","SACRAMENTO","SACRAMENTO","CA",0,0
"8127163",0,0,2016,"3404","0","3","3","09",0,1,"A",,"Y",,,,900,9,"D","G","A","GRANDSTAFF DR","BAMFORD DR",121,"W","N","2016-09-22",3404,"2016-09-14",800,"8129","5","5","7","0","0",,"0","05C","-","N",,0,0,,,0,,,,"N",2,"A","-",21804,"A","N","A","H","-","A","D","0","Y","L","04",0,1,0,0,0,0,1,0,0,"-","-","SACRAMENTO","SACRAMENTO","CA",0,0
"8127159",-121.5140381,38.4956332,2016,"3404","0","4","3","03",0,2,"A",,,,,,900,9,"C","C","A","FLORIN RD","SOUTH LAND PARK DR",528,"W","N","2016-09-22",3404,"2016-09-15",723,"8129","4","5","7","0","0",,"0","04C","-","N",,0,0,,,0,,,,"Y",3,"A","-",22350,,"N","A","H","-","A","D","0","Y","A","01",0,1,1,0,0,0,0,0,0,"-","-","SACRAMENTO","SACRAMENTO","CA",0,0
"8127155",-121.4796531,38.5950951,2016,"3404","0","3","3","17",0,1,"A",,"Y",,,,1800,9,"D","G","A","RICHARDS BL","SUNBEAM AV",0,,"Y","2016-09-22",3404,"2016-09-07",1541,"0300","3","5","7","0","0",,"0","03A","-","N",,0,0,,,0,,,,"Y",2,"A","-",21461,"A","N","A","H","-","A","A","0","Y","L","04",0,1,0,0,0,0,1,0,0,"-","-","SACRAMENTO","SACRAMENTO","CA",0,0
"8127152",-121.4657031,38.427355,2016,"3450","0","4","2","03",0,2,"A",,,,,,300,9,"E","I","A","HIGH TECH CT","LAGUNA BL",0,,"Y","2016-09-22",340,"2016-09-08",13,"10637","1202","5","5","0","0",,"0","001","-","N",,0,0,,,0,,,,"Y",1,"A","-",22350,,"N","A","H","-","C","A","0","Y","A","01",1,0,1,0,0,0,0,0,0,"-","-","ELK GROVE","SACRAMENTO","CA",0,0
"8127151",-121.4796531,38.5950951,2016,"3404","0","3","4","09",0,2,"A",,,"Y",,,1800,9,"D","C","A","RICHARDS BL","SUNBEAM AV",0,,"Y","2016-09-22",3404,"2016-09-07",1639,"0300","3","5","7","0","0",,"0","03A","-","N",,0,0,,,0,,,,"Y",2,"A","-",21804,,"N","A","H","-","A","D","0","Y","C","02",0,0,2,0,0,0,0,0,2,"-","-","SACRAMENTO","SACRAMENTO","CA",0,0
"8127148",0,0,2016,"3450","0","4","4","03",0,1,"A",,,,,,1500,9,"C","C","A","ELK GROVE BL","CRESLEIGH PKWY",0,,"Y","2016-09-22",340,"2016-09-15",1425,"10058","2311","5","5","0","0",,"0","002","-","N",,0,0,,,0,,,,"N",2,"A","-",22350,,"N","A","H","-","A","A","0","Y","A","01",0,0,1,0,0,0,0,0,0,"-","-","ELK GROVE","SACRAMENTO","CA",0,0
"8127147",0,0,2016,"3404","0","6","4","08",0,1,"A",,,,,,1200,9,"B","C","A","NATOMAS BL","NORTH BEND DR",0,"S","N","2016-09-22",3404,"2016-09-10",1055,"8131","1","5","7","0","0",,"0","01A","-","N",,0,0,,,0,,,,"Y",2,"A","-",22107,,"N","A","H","-","A","A","0","Y","A","01",0,0,1,0,0,0,0,0,0,"-","-","SACRAMENTO","SACRAMENTO","CA",0,0
"8127143",-121.5032731,38.562515,2016,"3404","0","5","4","01",0,5,"A",,,,,"Y",1800,9,"D","C","A","MUIR WY","REVERE ST",0,,"Y","2016-09-22",3404,"2016-09-16",1527,"473","SECTO","5","7","0","0",,"0",,"-","N",,0,0,,,0,,,,"N",2,"A","-",23152,"A","N","A","H","-","A","D","0","Y","A","07",0,0,5,0,0,0,0,0,0,"-","-","SACRAMENTO","SACRAMENTO","CA",0,0
"8127139",0,0,2016,"3404","0","5","3","09",0,1,"A",,,"Y",,,900,9,"D","C","A","FOLSOM BL","FLORIN PERKINS RD",382,"W","N","2016-09-22",3404,"2016-09-16",643,"8198","6","5","7","0","0",,"0","06E","-","N",,0,0,,,0,,,,"Y",2,"A","-",21801,"A","N","A","H","-","A","D","0","Y","A","01",0,1,0,0,0,0,0,0,1,"-","-","SACRAMENTO","SACRAMENTO","CA",0,0
"8127135",-121.4272505,38.4741851,2016,"3404","0","6","4","08",0,1,"A",,"Y",,,,1500,9,"B","G","A","MACK RD","VALLEY HI DR",25,"W","N","2016-09-22",3404,"2016-09-10",1411,"955",,"5","7","0","0",,"0",,"-","N",,0,0,,,0,,,,"N",2,"A","-",22107,,"F","A","H","-","A","A","0","Y","A","01",0,0,1,0,0,0,1,0,0,"-","-","SACRAMENTO","SACRAMENTO","CA",0,0
"8127131",-121.495613,38.524715,2016,"3404","0","4","3","09",0,2,"A",,,,,,1500,9,"A","C","A","FRUITRIDGE RD","LA CAMPANA WY",0,,"Y","2016-09-22",3404,"2016-09-15",1337,"8202","4","5","7","0","0",,"0","04B","-","N",,0,0,,,0,,,,"Y",2,"A","-",21801,"A","N","A","H","-","A","D","0","Y","A","01",0,1,1,0,0,0,0,0,0,"-","-","SACRAMENTO","SACRAMENTO","CA",0,0
"8127127",-121.4479731,38.571055,2016,"3404","0","4","4","09",0,1,"A",,,,,,900,9,"D","C","A","H ST","43RD ST",0,,"Y","2016-09-22",3404,"2016-09-15",738,"8198","6","5","7","0","0",,"0","06D","-","N",,0,0,,,0,,,,"Y",2,"A","-",21801,"A","N","A","H","-","A","D","0","Y","A","01",0,0,1,0,0,0,0,0,0,"-","-","SACRAMENTO","SACRAMENTO","CA",0,0
"8127123",-121.429153,38.669125,2016,"3404","0","4","3","03",0,2,"A",,,,,,1800,9,"C","C","A","RALEY BL","ASCOT AV",0,,"Y","2016-09-23",3404,"2016-09-15",1627,"0211",,"5","7","0","0",,"0",,"-","N",,0,0,,,0,,,,"Y",3,"A","-",22350,,"N","A","H","-","A","D","0","Y","A","01",0,1,1,0,0,0,0,0,0,"-","-","SACRAMENTO","SACRAMENTO","CA",0,0
"8127080",0,0,2016,"3450","0","7","3","08",0,1,"A",,,,,,900,9,"C","E","A","EMERALD VISTA DR","LUJAN DR",137,"S","N","2016-09-23",340,"2016-09-11",737,"10657","5101","5","5","0","0",,"0","005","-","N",,0,0,,,0,,,,"Y",3,"A","-",22107,,"N","A","H","-","A","A","0","Y","D","22",0,1,0,0,0,0,0,0,0,"-","-","ELK GROVE","SACRAMENTO","CA",0,0
"8127076",-121.316053,38.438145,2016,"3450","0","6","2","01",0,2,"A",,,,,"Y",2100,9,"F","-","A","SHELDON RD","CHERRINGTON LN",0,,"Y","2016-09-23",340,"2016-09-03",2019,"10580","3301","5","5","0","0",,"0","003","-","N",,0,0,,,0,,,,"Y",2,"A","-",23153,"A","N","A","H","-","D","D","0","Y","D","22",1,1,0,0,0,0,0,0,0,"-","-","ELK GROVE","SACRAMENTO","CA",0,0
"8127068",-121.3604931,38.377335,2016,"3450","0","2","4","03",0,2,"A",,,,"Y",,1200,8,"C","C","A","GRANT LINE RD","E STOCKTON BL",0,,"Y","2016-09-27",340,"2016-08-23",1018,"10067","5505","5","5","0","0",,"0","005","-","N",,0,0,,,0,,,,"Y",3,"A","-",22350,,"N","A","H","-","A","A","0","Y","F","27",0,0,2,0,0,0,0,0,0,"-","-","ELK GROVE","SACRAMENTO","CA",0,0
"8127060",-121.4981732,38.572935,2016,"3404","0","1","3","12",0,1,"A",,,,,,1800,9,"D","C","A","9TH ST","Q ST",0,,"Y","2016-09-23",3404,"2016-09-12",1753,"8141","3","5","7","0","0",,"0","00A","-","N",,0,0,,,0,,,,"Y",2,"A","-",21453,"A","N","A","H","-","A","A","0","Y","D","22",0,1,0,0,0,0,0,0,0,"-","-","SACRAMENTO","SACRAMENTO","CA",0,0
"8125919",-121.3600864,38.4526507,2016,"3450","0","2","4","03",0,1,"A",,,,,,900,9,"C","C","A","CALVINE RD","HERITAGE HILL DR",85,"E","N","2016-09-27",340,"2016-09-06",718,"10526","3203","5","5","0","0",,"0","003","-","N",,0,0,,,0,,,,"Y",2,"A","-",22350,,"N","A","-","-","A","D","0","Y","A","01",0,0,1,0,0,0,0,0,0,"-","-","ELK GROVE","SACRAMENTO","CA",0,0
"8125868",-121.4416989,38.4662977,2016,"3404","0","7","3","03",0,2,"A","Y",,,,,2100,9,"A","B","D","VALLEY HI DR","HALKEEP WY",120,"W","N","2016-09-27",3404,"2016-09-18",2003,"8202","5","5","7","0","0",,"0","05B","-","N",,0,0,,,0,,,,"N",3,"A","-",22350,,"F","A","H","-","C","D","0","Y","A","01",0,2,0,0,2,0,0,0,0,"-","-","SACRAMENTO","SACRAMENTO","CA",0,0
"8125864",-121.4827238,38.4956528,2016,"3404","0","4","4","08",0,2,"A",,,,,,1500,9,"D","C","A","24TH ST","FLORIN RD",70,"S","N","2016-09-27",3404,"2016-09-15",1407,"8202","4","5","7","0","0",,"0","04B","-","N",,0,0,,,0,,,,"N",2,"A","-",22107,,"N","A","H","-","A","D","0","Y","A","01",0,0,2,0,0,0,0,0,0,"-","-","SACRAMENTO","SACRAMENTO","CA",0,0
"8125860",-121.4759839,38.6362475,2016,"3404","0","7","2","03",0,1,"A",,,"Y",,,2400,9,"A","J","A","NORTHGATE BL","ROSIN CT",178,"S","N","2016-09-27",3404,"2016-09-11",2143,"888","1","5","7","0","0",,"0","00C","-","N",,0,0,,,0,,,,"Y",1,"A","-",22350,,"N","A","H","-","C","D","0","Y","C","02",1,0,0,0,0,0,0,0,1,"-","-","SACRAMENTO","SACRAMENTO","CA",0,0
"8125856",-121.3804498,38.550631,2016,"3404","0","5","4","03",0,1,"A",,,,,,1800,9,"C","C","A","FOLSOM BL","WISSEMAN DR",366,"E","N","2016-09-27",3404,"2016-09-16",1740,"8141","6","5","7","0","0",,"0","00E","-","N",,0,0,,,0,,,,"Y",3,"A","-",22350,,"N","A","H","-","A","D","0","Y","A","01",0,0,1,0,0,0,0,0,0,"-","-","SACRAMENTO","SACRAMENTO","CA",0,0
"8125760",-121.2923024,38.6647311,2016,"3496","0","3","3","18",0,1,"A",,,,,,900,8,"B","C","A","SAN JUAN AV","MADISON AV",370,"N","N","2016-11-16",3496,"2016-08-31",745,"183","3496","5","5","0","0",,"0","003","-","N",,0,0,,,0,,,,"Y",3,"C","-",0,,"N","A","H","-","A","D","0","Y","-","-",0,1,0,0,0,0,0,0,0,"-","-","CITRUS HEIGHTS","SACRAMENTO","CA",0,0
"8125756",-121.3210418,38.6788199,2016,"3496","0","4","4","08",0,1,"A",,,,,,1500,9,"B","C","A","AUBURN BL","GREENBACK",75,"S","N","2016-10-31",3496,"2016-09-08",1222,"167","3496","5","5","0","0",,"0","001","-","N",,0,0,,,0,,,,"Y",2,"A","-",22107,,"N","A","H","-","A","A","0","Y","D","22",0,0,1,0,0,0,0,0,0,"-","-","CITRUS HEIGHTS","SACRAMENTO","CA",0,0
"8125752",-121.2904131,38.717525,2016,"3496","0","1","4","08",0,1,"A",,,,,,1500,9,"D","C","A","AUBURN BL","CHERRY GLEN AV",0,,"Y","2016-10-04",3496,"2016-09-12",1330,"404",,"5","5","0","0",,"0","001","-","N",,0,0,,,0,,,,"Y",2,"A","-",22107,,"N","A","H","-","A","D","0","Y","B","01",0,0,1,0,0,0,0,0,0,"-","-","CITRUS HEIGHTS","SACRAMENTO","CA",0,0
"8125744",-121.2624126,38.6920367,2016,"3496","0","2","4","12",0,1,"A",,,,,,1500,9,"D","C","A","FAIR OAKS BL","WOODMORE OAKS DR",14,"S","N","2016-10-04",3496,"2016-09-20",1406,"394",,"5","5","0","0",,"0","040","-","N",,0,0,,,0,,,,"N",2,"A","-",22450,"A","N","A","H","-","A","A","0","Y","D","22",0,0,1,0,0,0,0,0,0,"-","-","CITRUS HEIGHTS","SACRAMENTO","CA",0,0
"8125736",-121.2719044,38.6690964,2016,"3496","0","7","4","03",0,1,"A",,,,,"Y",2400,9,"C","C","A","SUNRISE BL","KINGSWOOD DR",216,"S","N","2016-10-04",3496,"2016-09-18",2103,"394",,"5","5","0","0",,"0","003","-","N",,0,0,,,0,,,,"N",2,"A","-",22350,,"N","A","H","-","B","D","0","Y","D","22",0,0,1,0,0,0,0,0,0,"-","-","CITRUS HEIGHTS","SACRAMENTO","CA",0,0
"8125720",-121.2847231,38.678295,2016,"3496","0","2","4","03",0,1,"A",,,,,,1500,8,"C","C","A","GREENBACK LN","MARIPOSA AV",0,,"Y","2016-10-04",3496,"2016-08-23",1457,"303","3","5","5","0","0",,"0","TUES","-","N",,0,0,,,0,,,,"Y",3,"A","-",22350,,"N","A","H","-","A","A","0","Y","A","01",0,0,1,0,0,0,0,0,0,"-","-","CITRUS HEIGHTS","SACRAMENTO","CA",0,0
"8125716",-121.2719101,38.7046884,2016,"3496","0","3","2","09",0,1,"A",,,"Y",,,900,8,"D","C","A","SUNRISE BL","OLD AUBURN RD",340,"N","N","2016-10-04",3496,"2016-08-24",654,"264","3496","5","5","0","0",,"0","001","-","N",,0,0,,,0,,,,"Y",3,"A","-",21801,"B","N","A","H","-","A","D","0","Y","C","02",1,0,0,0,0,0,0,0,1,"-","-","CITRUS HEIGHTS","SACRAMENTO","CA",0,0
"8125712",-121.3092978,38.678199,2016,"3496","0","2","4","07",0,3,"A",,,,,,900,8,"B","C","A","GREENBACK LN","VAN MAREN LN",327,"E","N","2016-10-04",3496,"2016-08-30",739,"394",,"5","5","0","0",,"0","002","-","N",,0,0,,,0,,,,"N",2,"A","-",21658,"A","N","A","H","-","A","A","0","Y","A","01",0,0,3,0,0,0,0,0,0,"-","-","CITRUS HEIGHTS","SACRAMENTO","CA",0,0
"8125592",-121.491263,38.571105,2016,"3404","0","2","4","09",0,1,"A",,,,,,1200,9,"D","C","A","Q ST","14TH ST",0,,"Y","2016-09-30",3404,"2016-09-27",1115,"0974","1","5","7","0","0",,"0","01A","-","N",,0,0,,,0,,,,"N",2,"A","-",21802,"A","N","A","H","-","A","-","0","Y","A","01",0,0,1,0,0,0,0,0,0,"-","-","SACRAMENTO","SACRAMENTO","CA",0,0
"8125588",-121.4347931,38.6474151,2016,"3404","0","1","4","09",0,1,"A",,"Y",,,,900,9,"-","G","A","BELL AV","MARYSVILLE BL",0,,"Y","2016-11-17",3404,"2016-09-26",606,"971","2A","5","7","0","0",,"0",,"-","N",,0,0,,,0,,,,"N",2,"A","-",21802,,"F","A","H","-","B","A","0","Y","-",,0,0,1,0,0,0,1,0,0,"-","-","SACRAMENTO","SACRAMENTO","CA",0,0
"8124422",-121.371637,38.4494354,2016,"3450","0","4","3","08",0,1,"A",,,,,,300,9,"A","I","A","ELK GROVE FLORIN RD","SILVERBERRY AV",310,"N","N","2016-09-26",340,"2016-09-08",27,"10623","3201","5","5","0","0",,"0","003","-","N",,0,0,,,0,,,,"Y",1,"A","-",22107,,"N","A","H","-","C","D","0","Y","A","01",0,1,0,0,0,0,0,0,0,"-","-","ELK GROVE","SACRAMENTO","CA",0,0
"8124381",-121.481253,38.5598751,2016,"3404","0","3","4","12",0,1,"A",,,,,,900,9,"D","C","A","X ST","24TH ST",0,,"Y","2016-11-16",3404,"2016-09-14",646,"8198","4","5","7","0","0",,"0","04A","-","N",,0,0,,,0,,,,"Y",2,"A","-",21453,"A","N","A","H","-","A","A","0","Y","A","01",0,0,1,0,0,0,0,0,0,"-","-","SACRAMENTO","SACRAMENTO","CA",0,0
"8124377",-121.5043031,38.5223051,2016,"3404","0","1","3","01",0,1,"A",,,,,"Y",300,9,"E","I","A","34TH AV","CLAUDIA DR",0,,"Y","2016-09-20",3404,"2016-09-12",237,"0871",,"5","7","0","0",,"0","04C","-","N",,0,0,,,0,,,,"Y",1,"A","-",23152,"A","N","A","H","-","C","D","0","Y","-",,0,1,0,0,0,0,0,0,0,"-","-","SACRAMENTO","SACRAMENTO","CA",0,0
"8124173",-121.1839831,38.6639351,2016,"3401","0","1","4","03",0,1,"A",,,,,,900,9,"E","I","A","FOLSOM BL","GLENN DR",0,,"Y","2016-09-20",3401,"2016-09-12",858,"203","3401","5","5","0","0",,"0","002","-","N",,0,0,,,0,,,,"Y",1,"A","-",22350,,"N","A","H","-","A","A","0","Y","A","01",0,0,1,0,0,0,0,0,0,"-","-","FOLSOM","SACRAMENTO","CA",-121.18396,38.66396
"8124165",-121.1763092,38.677652,2016,"3401","0","4","4","03",0,1,"A",,,,,,1800,9,"C","C","A","RILEY ST","SUTTER ST",60,"S","N","2016-09-20",3401,"2016-09-01",1545,"227","CA034","5","5","0","0",,"0","002","-","N",,0,0,,,0,,,,"N",2,"A","-",22350,,"N","A","H","-","A","A","0","Y","A","01",0,0,1,0,0,0,0,0,0,"-","-","FOLSOM","SACRAMENTO","CA",-121.17628,38.6778
"8124161",-121.1819713,38.6515822,2016,"3401","0","4","2","03",0,1,"A",,,"Y",,,1800,9,"H","A","A","FOLSOM BL","BLUE RAVINE RD",1103,"S","N","2016-09-20",3401,"2016-09-01",1640,"227","3401","5","5","0","0",,"0","004","-","N",,0,0,,,0,,,,"Y",1,"A","-",22350,,"N","A","H","-","A","D","0","Y","C","02",1,0,0,0,0,0,0,0,1,"-","-","FOLSOM","SACRAMENTO","CA",0,0
"8124097",-121.4340986,38.5066562,2016,"3404","0","1","4","03",0,1,"A",,,,,,1200,8,"C","C","A","STOCKTON BL","FOWLER AV",284,"N","N","2016-09-20",3404,"2016-08-22",1159,"0593","6","5","7","0","0",,"0","00C","-","N",,0,0,,,0,,,,"N",2,"A","-",22350,,"N","A","H","-","A","D","0","Y","-",,0,0,1,0,0,0,0,0,0,"-","-","SACRAMENTO","SACRAMENTO","CA",0,0
"8124057",-121.4713127,38.5229989,2016,"3404","0","1","3","01",0,2,"A",,,,,"Y",900,9,"D","E","A","FRANKLIN BL","32ND AV",251,"S","N","2016-09-21",3404,"2016-09-12",826,"8129","4","5","7","0","0",,"0","04B","-","N",,0,0,,,0,,,,"Y",3,"A","-",23152,"A","F","A","H","-","A","D","0","Y","A","07",0,1,1,0,0,0,0,0,0,"-","-","SACRAMENTO","SACRAMENTO","CA",0,0
"8123928",-121.1630831,38.649555,2016,"3401","0","1","3","09",0,2,"A",,,,,,1200,8,"D","C","A","IRON POINT RD","PRAIRIE CITY RD",0,,"Y","2016-09-20",3401,"2016-08-29",1040,"163","CA034","5","5","0","0",,"0","004","-","N",,0,0,,,0,,,,"Y",2,"A","-",21453,"C","N","A","H","-","A","A","0","Y","D","22",0,1,1,0,0,0,0,0,0,"-","-","FOLSOM","SACRAMENTO","CA",-121.16288,38.64953
"8123924",-121.1764331,38.6777851,2016,"3401","0","5","4","00",0,1,"A",,,,,,2100,9,"D","C","A","RILEY ST","SUTTER ST",0,,"Y","2016-09-20",3401,"2016-09-09",2016,"237",,"5","5","0","0",,"0","002","-","N",,0,0,,,0,,,,"Y",2,"A","-",21451,,"N","A","H","-","B","A","0","Y","A","01",0,0,1,0,0,0,0,0,0,"-","-","FOLSOM","SACRAMENTO","CA",0,0
"8123358",-121.4461317,38.4743556,2016,"3404","0","4","4","03",0,1,"A",,,,,,900,9,"C","C","A","MACK RD","TANGERINE AV",135,"E","N","2016-09-19",3404,"2016-09-01",725,"990","5","5","7","0","0",,"0","00B","-","N",,0,0,,,0,,,,"N",2,"A","-",22350,,"N","A","H","-","A","D","0","Y","A","08",0,0,1,0,0,0,0,0,0,"-","-","SACRAMENTO","SACRAMENTO","CA",0,0
"8123354",-121.4771631,38.5103251,2016,"3404","0","1","4","12",0,1,"A",,,,,,1500,9,"D","C","A","47TH AV","OTTO CIR",0,,"Y","2016-09-19",3404,"2016-09-05",1208,"8131","4","5","7","0","0",,"0","04B","-","N",,0,0,,,0,,,,"Y",2,"A","-",21453,"A","N","A","H","-","A","A","0","Y","A","01",0,0,1,0,0,0,0,0,0,"-","-","SACRAMENTO","SACRAMENTO","CA",0,0
"8123350",-121.4862231,38.575885,2016,"3404","0","4","3","12",0,3,"A",,,,,,1200,9,"D","C","A","L ST","16TH ST",0,,"Y","2016-09-19",3404,"2016-09-08",1030,"8129","3","5","7","0","0",,"0","03B","-","N",,0,0,,,0,,,,"Y",2,"A","-",21453,"A","N","A","H","-","A","A","0","Y","A","01",0,3,0,0,0,0,0,0,0,"-","-","SACRAMENTO","SACRAMENTO","CA",0,0
"8123342",-121.4888808,38.4959082,2016,"3404","0","3","3","01",0,2,"A",,,,,"Y",2400,9,"C","C","A","FLORIN RD","TAMOSHANTER WY",875,"W","N","2016-09-19",3404,"2016-09-07",2241,"958","4","5","7","0","0",,"0","00B","-","N",,0,0,,,0,,,,"Y",2,"A","-",23152,"A","N","A","H","-","C","D","0","Y","A","01",0,1,1,0,0,0,0,0,0,"-","-","SACRAMENTO","SACRAMENTO","CA",0,0
"8123177",0,0,2016,"3404","0","2","4","03",0,1,"A",,,,,,1500,9,"C","C","A","BRUCEVILLE RD","IMAGINATION PKWY",191,"N","N","2016-09-21",3404,"2016-09-13",1216,"8129","5","5","7","0","0",,"0","05C","-","N",,0,0,,,0,,,,"N",2,"A","-",22350,,"N","A","H","-","A","D","0","Y","A","01",0,0,1,0,0,0,0,0,0,"-","-","SACRAMENTO","SACRAMENTO","CA",0,0
"8123173",-121.4090731,38.510555,2016,"3404","0","1","4","12",0,1,"A",,,,,,600,9,"D","C","A","POWER INN RD","ELDER CREEK RD",0,,"Y","2016-11-19",3404,"2016-09-12",529,"0259",,"5","7","0","0",,"0","06C","-","N",,0,0,,,0,,,,"N",2,"A","-",21453,"A","N","A","H","-","C","A","0","Y","-","-",0,0,1,0,0,0,0,0,0,"-","-","SACRAMENTO","SACRAMENTO","CA",0,0
"8123169",-121.4286231,38.539625,2016,"3404","0","4","4","09",0,1,"A",,,,,,900,9,"D","C","A","14TH AV","65TH ST",0,,"Y","2016-09-21",3404,"2016-09-08",758,"8129","6","5","7","0","0",,"0","06C","-","N",,0,0,,,0,,,,"N",2,"A","-",21802,"A","N","A","H","-","A","D","0","Y","D","22",0,0,1,0,0,0,0,0,0,"-","-","SACRAMENTO","SACRAMENTO","CA",0,0
"8123165",-121.4726531,38.5624551,2016,"3404","0","2","4","12",0,1,"A",,,,,,600,9,"D","C","A","29TH ST","T ST",0,,"Y","2016-09-21",3404,"2016-09-06",556,"8131","3","5","7","0","0",,"0","03B","-","N",,0,0,,,0,,,,"Y",2,"A","-",21453,"A","N","A","H","-","B","A","0","Y","D","22",0,0,1,0,0,0,0,0,0,"-","-","SACRAMENTO","SACRAMENTO","CA",0,0