"CASEID","POINT_X","POINT_Y","YEAR_","LOCATION","CHPTYPE","DAYWEEK","CRASHSEV","VIOLCAT","KILLED","INJURED","WEATHER1","PEDCOL","BICCOL","MCCOL","TRUCKCOL","ETOH","TIMECAT","MONTH_","CRASHTYP","INVOLVE","PED","PRIMARYRD","SECONDRD","DISTANCE","DIRECT","INTERSECT_","PROCDATE","JURIS","DATE_","TIME_","BADGE","JURIDIST","SHIFT","POP","SPECIAL","BEATTYPE","LAPDDIV","BEATCLAS","BEATNUMB","WEATHER2","STATEHW","CALTRANC","CALTRAND","STROUTE","ROUTESUF","POSTPRE","POSTMILE","LOCATYPE","RAMP","SIDEHW","TOWAWAY","PARTIES","PCF","VIOLCODE","VIOL","VIOLSUB","HITRUN","ROADSURF","RDCOND1","RDCOND2","LIGHTING","RIGHTWAY","CHPRDTYP","NOTPRIV","STFAULT","CHPFAULT","SEVINJ","OTHERINJ","COP","PEDKILL","PEDINJ","BICKILL","BICINJ","MCKILL","MCINJURE","RAMP1","RAMP2","CITY","COUNTY","STATE","X_CHP","Y_CHP"
"8114117",-121.4791931,38.401525,2016,"3450","0","5","4","10",0,1,"A","Y",,,,,900,9,"G","B","D","AVOCET WY","W TARON DR",0,,"Y","2016-09-15",340,"2016-09-02",733,"10068","1301","5","5","0","0",,"0","001","-","N",,0,0,,,0,,,,"N",2,"A","-",21950,"A","N","A","H","-","B","A","0","Y","D","22",0,0,1,0,1,0,0,0,0,"-","-","ELK GROVE","SACRAMENTO","CA",0,0
"8114113",-121.3813331,38.398425,2016,"3450","0","5","4","09",0,3,"A",,,,,,1800,8,"D","C","A","E STOCKTON BL","TERESA WY",0,,"Y","2016-09-12",340,"2016-08-26",1718,"10599","5403","5","5","0","0",,"0","005","-","N",,0,0,,,0,,,,"Y",2,"A","-",21801,"A","N","A","H","-","A","D","0","Y","D","22",0,0,3,0,0,0,0,0,0,"-","-","ELK GROVE","SACRAMENTO","CA",0,0
"8114097",-121.3567531,38.4526431,2016,"3450","0","4","3","08",0,1,"A",,"Y",,,,900,9,"D","G","A","ALAMEDA PARK DR","CALVINE RD",8,"S","N","2016-09-15",340,"2016-09-01",746,"10526","3203","5","5","0","0",,"0","003","-","N",,0,0,,,0,,,,"N",2,"A","-",22107,,"N","A","H","-","A","D","0","Y","D","22",0,1,0,0,0,0,1,0,0,"-","-","ELK GROVE","SACRAMENTO","CA",0,0
"8113919",-121.4198731,38.623045,2016,"3404","0","5","4","00",0,2,"A",,,,,,2400,8,"A","C","A","CONNIE DR","AUBURN BL",0,,"Y","2016-09-09",3404,"2016-08-26",2109,"961","2","5","7","0","0",,"0","00C","-","N",,0,0,,,0,,,,"N",2,"A","-",28101,"A","N","A","H","-","C","A","0","Y","A","01",0,0,2,0,0,0,0,0,0,"-","-","SACRAMENTO","SACRAMENTO","CA",0,0
"8113918",-121.4916431,38.481425,2016,"3404","0","4","4","09",0,2,"A",,,,,,1500,8,"D","C","A","MEADOWVIEW RD","MANORSIDE DR",0,,"Y","2016-09-08",3404,"2016-08-25",1307,"0757","5","5","7","0","0",,"0","05A","-","N",,0,0,,,0,,,,"Y",2,"A","-",21801,"A","N","A","D","-","A","D","0","Y","A","01",0,0,2,0,0,0,0,0,0,"-","-","SACRAMENTO","SACRAMENTO","CA",0,0
"8113914",-121.461883,38.5468451,2016,"3404","0","3","4","03",0,1,"A",,,,,,1500,8,"C","C","A","BROADWAY","LA SOLIDAD WY",0,,"Y","2016-09-08",3404,"2016-08-31",1218,"0978",,"5","7","0","0",,"0",,"-","N",,0,0,,,0,,,,"N",2,"A","-",22350,,"F","A","H","-","A","D","0","Y","A","01",0,0,1,0,0,0,0,0,0,"-","-","SACRAMENTO","SACRAMENTO","CA",0,0
"8113910",-121.4351131,38.603615,2016,"3404","0","2","4","03",0,4,"A",,,,,,1800,8,"C","C","A","RT 80","ARDEN WY",0,,"Y","2016-11-19",3404,"2016-08-23",1625,"8187","2","5","7","0","0",,"0","00C","-","Y",,0,0,,,0,,,,"Y",3,"A","-",22350,,"N","A","H","-","A","D","0","Y","A","01",0,0,4,0,0,0,0,0,0,"WF","-","SACRAMENTO","SACRAMENTO","CA",0,0
"8113907",-121.4818495,38.4958451,2016,"3404","0","5","4","03",0,1,"A",,,,,,2400,8,"C","C","A","FLORIN RD","24TH ST",250,"E","N","2016-09-09",3404,"2016-08-26",2125,"0741","P4","5","7","0","0",,"0","04B","-","N",,0,0,,,0,,,,"Y",2,"A","-",22350,,"N","A","H","-","C","A","0","Y","A","01",0,0,1,0,0,0,0,0,0,"-","-","SACRAMENTO","SACRAMENTO","CA",0,0
"8113906",-121.4090948,38.5421252,2016,"3404","0","1","4","03",0,1,"A",,,,,,1500,8,"C","C","A","POWER INN RD","ROMONA AV",40,"S","N","2016-09-08",3404,"2016-08-29",1339,"990","6","5","7","0","0",,"0","00C","-","N",,0,0,,,0,,,,"Y",2,"A","-",22350,,"N","A","H","-","A","A","0","Y","A","01",0,0,1,0,0,0,0,0,0,"-","-","SACRAMENTO","SACRAMENTO","CA",0,0
"8113902",-121.4688631,38.571295,2016,"3404","0","5","3","12",0,2,"A",,,,,,1200,8,"D","C","A","29TH ST","L ST",0,,"Y","2016-09-08",3404,"2016-08-26",910,"0756",,"5","7","0","0",,"0",,"-","N",,0,0,,,0,,,,"Y",2,"A","-",21453,"A","N","A","H","-","A","A","0","Y","A","01",0,1,1,0,0,0,0,0,0,"-","-","SACRAMENTO","SACRAMENTO","CA",0,0
"8113898",-121.4513084,38.5672644,2016,"3404","0","1","4","05",0,1,"A",,,,,,1800,8,"C","E","A","42ND ST","M ST",415,"N","N","2016-09-08",3404,"2016-08-29",1643,"8129","6","5","7","0","0",,"0","00D","-","N",,0,0,,,0,,,,"Y",2,"A","-",21650,,"N","A","H","-","A","D","0","Y","A","01",0,0,1,0,0,0,0,0,0,"-","-","SACRAMENTO","SACRAMENTO","CA",0,0
"8113894",-121.4505432,38.579265,2016,"3404","0","2","3","09",0,2,"A",,,,,,1500,8,"D","C","A","40TH ST","36TH WY",0,,"Y","2016-09-08",3404,"2016-08-30",1221,"0978",,"5","7","0","0",,"0",,"-","N",,0,0,,,0,,,,"Y",2,"A","-",21802,"A","N","A","H","-","A","A","0","Y","A","08",0,1,1,0,0,0,0,0,0,"-","-","SACRAMENTO","SACRAMENTO","CA",0,0
"8113890",-121.4785931,38.5591351,2016,"3404","0","3","4","11",0,1,"A",,"Y",,,,2100,8,"D","G","A","26TH ST","X ST",0,,"Y","2016-09-08",3404,"2016-08-31",2006,"8204","4","5","7","0","0",,"0","00A","-","N",,0,0,,,0,,,,"N",2,"A","-",21456,"B","N","A","H","-","C","A","0","Y","L","04",0,0,1,0,0,0,1,0,0,"-","-","SACRAMENTO","SACRAMENTO","CA",0,0
"8113886",-121.469783,38.552025,2016,"3404","0","2","4","12",0,1,"A",,,,,,2100,8,"D","C","A","34TH ST","3RD AV",0,,"Y","2016-09-08",3404,"2016-08-30",2021,"8129","6","5","7","0","0",,"0","00A","-","N",,0,0,,,0,,,,"N",2,"A","-",22450,"A","F","A","H","-","C","D","0","Y","A","07",0,0,1,0,0,0,0,0,0,"-","-","SACRAMENTO","SACRAMENTO","CA",0,0
"8113875",-121.4822732,38.5711676,2016,"3404","0","7","4","08",0,1,"A",,,,,,1200,8,"E","I","A","O ST","20TH ST",3,"W","N","2016-09-09",3404,"2016-08-28",1100,"897","P3","5","7","0","0",,"0","03B","-","N",,0,0,,,0,,,,"N",1,"A","-",22107,,"N","A","H","-","A","A","0","Y","A","01",0,0,1,0,0,0,0,0,0,"-","-","SACRAMENTO","SACRAMENTO","CA",0,0
"8113873",-121.2716331,38.681345,2016,"3496","0","2","4","11",0,1,"A","Y",,,,,1200,8,"G","-","D","ARCADIA DR","SUNRISE BL",0,,"Y","2016-09-08",3496,"2016-08-16",915,"355","CITRU","5","5","0","0",,"0","002","-","N",,0,0,,,0,,,,"N",2,"A","-",21954,"A","N","A","H","-","A","D","0","Y","N","60",0,0,1,0,1,0,0,0,0,"-","-","CITRUS HEIGHTS","SACRAMENTO","CA",0,0
"8113870",-121.3752443,38.5531564,2016,"3404","0","2","3","03",0,2,"A",,,,,,1500,8,"C","C","A","WATT AV","FOLSOM BL",21,"N","N","2016-09-08",3404,"2016-08-30",1333,"0978",,"5","7","0","0",,"0",,"-","N",,0,0,,,0,,,,"Y",2,"A","-",22350,,"N","A","H","-","A","A","0","Y","A","01",0,1,1,0,0,0,0,0,0,"-","-","SACRAMENTO","SACRAMENTO","CA",0,0
"8113866",0,0,2016,"3404","0","2","4","03",0,1,"A",,,,,,2100,8,"E","I","A","FRUITRIDGE RD","FRUITRIDGE RD 7100",0,,"N","2016-09-08",3404,"2016-08-30",1822,"8129","6","5","7","0","0",,"0","00C","-","N",,0,0,,,0,,,,"Y",2,"A","-",22350,,"N","A","H","-","A","D","0","Y","A","01",0,0,1,0,0,0,0,0,0,"-","-","SACRAMENTO","SACRAMENTO","CA",0,0
"8113861",-121.4369612,38.4743251,2016,"3404","0","7","4","00",0,1,"A",,"Y",,,,2100,8,"B","G","A","MACK RD","CENTER PKWY",12,"E","N","2016-09-08",3404,"2016-08-28",1958,"580","5","5","7","0","0",,"0","05C","-","N",,0,0,,,0,,,,"N",2,"A","-",21456,"3","N","A","H","-","B","A","0","Y","L","04",0,0,1,0,0,0,0,0,0,"-","-","SACRAMENTO","SACRAMENTO","CA",0,0
"8113857",-121.4278031,38.5424351,2016,"3404","0","7","4","03",0,3,"A",,,,,,2100,8,"D","C","A","65TH ST","11TH AV",0,,"Y","2016-09-08",3404,"2016-08-28",1925,"8141","6","5","7","0","0",,"0","00C","-","N",,0,0,,,0,,,,"Y",3,"A","-",22350,,"F","A","H","-","B","A","0","Y","-","99",0,0,3,0,0,0,0,0,0,"-","-","SACRAMENTO","SACRAMENTO","CA",0,0
"8113853",-121.4834031,38.578865,2016,"3404","0","6","4","09",0,2,"A",,,,,,1500,8,"D","C","A","I ST","17TH ST",0,,"Y","2016-09-08",3404,"2016-08-20",1444,"8131","3","5","7","0","0",,"0","03A","-","N",,0,0,,,0,,,,"N",2,"A","-",21802,"A","N","A","H","-","A","A","0","Y","A","01",0,0,2,0,0,0,0,0,0,"-","-","SACRAMENTO","SACRAMENTO","CA",0,0
"8113849",0,0,2016,"3404","0","4","4","17",0,1,"A","Y",,,,,2400,8,"G","B","B","EGGPLANT ALY","7TH ST",0,,"Y","2016-09-08",3404,"2016-08-25",2258,"4104","3","5","7","0","0",,"0","00A","-","N",,0,0,,,0,,,,"N",2,"A","-",21657,,"N","A","-","-","C","C","0","Y","A","01",0,0,1,0,1,0,0,0,0,"-","-","SACRAMENTO","SACRAMENTO","CA",0,0
"8113845",0,0,2016,"3404","0","7","4","03",0,2,"A","Y",,,,,1500,8,"G","B","E","11TH ST","JAZZ ALY",0,,"Y","2016-09-08",3404,"2016-08-28",1443,"8141","3","5","7","0","0",,"0","00M","-","N",,0,0,,,0,,,,"N",3,"A","-",22350,,"N","A","H","-","A","D","0","Y","A","01",0,0,2,0,2,0,0,0,0,"-","-","SACRAMENTO","SACRAMENTO","CA",0,0
"8113841",-121.4765381,38.524862,2016,"3404","0","7","4","03",0,2,"A",,,,,,1500,8,"C","C","A","FRUITRIDGE RD","28TH ST",216,"E","N","2016-09-08",3404,"2016-08-28",1458,"8202","4","5","7","0","0",,"0","04B","-","N",,0,0,,,0,,,,"N",3,"A","-",22350,,"N","A","H","-","A","D","0","Y","A","01",0,0,2,0,0,0,0,0,0,"-","-","SACRAMENTO","SACRAMENTO","CA",0,0
"8113840",-121.4665802,38.5696681,2016,"3404","0","4","4","09",0,1,"A",,,,,,900,9,"D","C","A","ALHAMBRA BL","CAPITOL AV",82,"N","N","2016-09-12",3404,"2016-09-01",842,"990","6","5","7","0","0",,"0","00D","-","N",,0,0,,,0,,,,"Y",2,"A","-",21804,"A","N","A","H","-","A","D","0","Y","D","22",0,0,1,0,0,0,0,0,0,"-","-","SACRAMENTO","SACRAMENTO","CA",0,0
"8113836",-121.5120731,38.4849851,2016,"3404","0","1","4","03",0,1,"A",,,,,,900,8,"C","C","A","POCKET RD","RT 5",12,"E","N","2017-02-28",3404,"2016-08-29",820,"0978",,"5","7","0","0",,"0",,"-","Y","SAC",3,5,"-","-",16.287,"R","4","N","Y",3,"A","-",22350,,"N","A","H","-","A","A","0","Y","A","01",0,0,1,0,0,0,0,0,0,"-","NF","SACRAMENTO","SACRAMENTO","CA",0,0
"8113832",0,0,2016,"3404","0","4","3","08",0,1,"A",,,,,,900,9,"D","C","A","MANDY DR","SHINING STAR DR",89,"S","N","2016-09-12",3404,"2016-09-01",733,"0978",,"5","7","0","0",,"0",,"-","N",,0,0,,,0,,,,"N",2,"A","-",22103,,"N","A","H","-","A","D","0","Y","A","01",0,1,0,0,0,0,0,0,0,"-","-","SACRAMENTO","SACRAMENTO","CA",0,0
"8113828",-121.4685931,38.565035,2016,"3404","0","3","4","09",0,1,"A",,,,"Y",,2100,8,"D","C","A","ALHAMBRA BL","Q ST",0,,"Y","2016-09-08",3404,"2016-08-31",2032,"8129","6","5","7","0","0",,"0","00D","-","N",,0,0,,,0,,,,"Y",2,"A","-",21801,"A","N","A","H","-","C","A","0","Y","A","01",0,0,1,0,0,0,0,0,0,"-","-","SACRAMENTO","SACRAMENTO","CA",0,0
"8113820",-121.4701331,38.561485,2016,"3404","0","5","3","09",0,1,"A",,,,,,1500,9,"-","C","A","ALHAMBRA BL","T ST",0,,"Y","2016-09-12",3404,"2016-09-02",1313,"417",,"5","7","0","0",,"0",,"-","N",,0,0,,,0,,,,"Y",2,"A","-",21801,"A","N","A","H","-","A","A","0","Y","D","22",0,1,0,0,0,0,0,0,0,"-","-","SACRAMENTO","SACRAMENTO","CA",0,0
"8113788",-121.2718696,38.7072532,2016,"3496","0","5","4","03",0,1,"A",,,"Y",,,1500,8,"C","C","A","SUNRISE BL","ANTELOPE RD",150,"S","N","2016-09-08",3496,"2016-08-05",1246,"265",,"5","5","0","0",,"0","002","-","N",,0,0,,,0,,,,"N",2,"A","-",22350,,"N","A","H","-","A","A","0","Y","C","02",0,0,1,0,0,0,0,0,1,"-","-","CITRUS HEIGHTS","SACRAMENTO","CA",0,0
"8113784",-121.3100978,38.6803313,2016,"3496","0","5","3","08",0,1,"A",,,,,,600,8,"C","E","A","MERCEDES AV","VAN MAREN LN",110,"E","N","2016-09-12",3496,"2016-08-26",306,"408",,"5","5","0","0",,"0","003","-","N",,0,0,,,0,,,,"Y",2,"A","-",22107,,"N","A","H","-","C","D","0","Y","A","01",0,1,0,0,0,0,0,0,0,"-","-","CITRUS HEIGHTS","SACRAMENTO","CA",0,0
"8113780",-121.3037132,38.7074616,2016,"3496","0","6","3","09",0,1,"A",,"Y",,,,2500,8,"D","G","A","ROLLINGWOOD BL","ANTELOPE RD",6,"N","N","2016-09-12",3496,"2016-08-27",2500,"145",,"5","5","0","0",,"0","001","-","N",,0,0,,,0,,,,"N",2,"A","-",21804,"A","N","A","D","-","A","A","0","Y","L","04",0,1,0,0,0,0,1,0,0,"-","-","CITRUS HEIGHTS","SACRAMENTO","CA",0,0
"8113763",-121.4665854,38.5600082,2016,"3404","0","2","3","06",0,1,"A",,"Y",,,,1200,8,"B","G","A","34TH ST","T ST",184,"S","N","2016-09-08",3404,"2016-08-30",903,"0978",,"5","7","0","0",,"0",,"-","N",,0,0,,,0,,,,"N",2,"A","-",21750,,"N","A","H","-","A","D","0","Y","E","22",0,1,0,0,0,0,1,0,0,"-","-","SACRAMENTO","SACRAMENTO","CA",0,0
"8113431",-121.1795631,38.6896951,2016,"3401","0","5","3","09",0,2,"A",,,,,,2100,7,"D","C","A","OAK AV","VISTA OAK DR",0,,"Y","2016-09-07",3401,"2016-07-29",1816,"191",,"5","5","0","0",,"0","001","-","N",,0,0,,,0,,,,"N",2,"A","-",21802,"A","N","A","H","-","A","D","0","Y","A","01",0,2,0,0,0,0,0,0,0,"-","-","FOLSOM","SACRAMENTO","CA",0,0
"8113255",-121.1958056,38.6776276,2016,"3401","0","4","4","08",0,1,"A",,"Y",,,,1500,8,"D","G","A","GREENBACK LN","MADISON AV",22,"E","N","2016-09-07",3401,"2016-08-25",1333,"167","CA034","5","5","0","0",,"0","001","-","N",,0,0,,,0,,,,"N",2,"A","-",22107,,"N","A","H","-","A","A","0","Y","L","04",0,0,1,0,0,0,1,0,0,"-","-","FOLSOM","SACRAMENTO","CA",0,0
"8113251",-121.1602831,38.6470051,2016,"3401","0","1","4","00",0,1,"A",,,,,,1200,8,"D","C","A","PRAIRIE CITY RD","AMERICAN AGGREGATE RD",0,,"Y","2016-11-08",3401,"2016-08-29",924,"203","3401","5","5","0","0",,"0","004","-","N",,0,0,,,0,,,,"Y",2,"A","-",21453,,"N","A","H","-","A","A","0","Y","-","-",0,0,1,0,0,0,0,0,0,"-","-","FOLSOM","SACRAMENTO","CA",-121.16022,38.64698
"8113243",-121.1741531,38.6753551,2016,"3401","0","7","4","00",0,1,"A",,,,,,300,8,"D","C","A","RILEY ST","NATOMA ST",0,,"Y","2016-09-07",3401,"2016-08-21",149,"209",,"5","5","0","0",,"0","002","-","N",,0,0,,,0,,,,"Y",2,"D","-",0,,"N","A","H","-","C","A","0","Y","-","-",0,0,1,0,0,0,0,0,0,"-","-","FOLSOM","SACRAMENTO","CA",-121.17397,38.67539
"8113239",-121.1892692,38.6458159,2016,"3401","0","6","4","03",0,1,"A",,,,,,1200,8,"C","C","A","FOLSOM BL","NATOMA STATION DR",150,"S","N","2016-09-07",3401,"2016-08-20",1008,"178","3401","5","5","0","0",,"0","004","-","N",,0,0,,,0,,,,"N",2,"A","-",22350,,"N","A","H","-","A","A","0","Y","A","01",0,0,1,0,0,0,0,0,0,"-","-","FOLSOM","SACRAMENTO","CA",0,0
"8113231",0,0,2016,"3401","0","1","4","03",0,1,"A",,,,,,1200,8,"C","C","A","E BIDWELL ST","BLUESTONE CIR",100,"E","N","2016-09-07",3401,"2016-08-29",1053,"203","3401","5","5","0","0",,"0","004","-","N",,0,0,,,0,,,,"N",2,"A","-",22350,,"N","A","H","-","A","A","0","Y","A","07",0,0,1,0,0,0,0,0,0,"-","-","FOLSOM","SACRAMENTO","CA",0,0
"8112932",-121.4755631,38.614025,2016,"3404","0","6","3","09",0,1,"A",,"Y",,,,2400,8,"D","G","A","NORTHGATE BL","WILSON AV",0,,"Y","2016-09-06",3404,"2016-08-27",2148,"734",,"5","7","0","0",,"0","01C","-","N",,0,0,,,0,,,,"N",2,"A","-",21804,,"N","A","H","-","C","D","0","Y","L","04",0,1,0,0,0,0,1,0,0,"-","-","SACRAMENTO","SACRAMENTO","CA",0,0
"8112924",-121.4830431,38.576295,2016,"3404","0","7","4","09",0,1,"A",,,,,,1500,8,"D","C","A","K ST","18TH ST",0,,"Y","2016-09-06",3404,"2016-08-28",1425,"691","CENTR","5","7","0","0",,"0","03B","-","N",,0,0,,,0,,,,,2,"A","-",21802,"A","N","A","H","-","A","-","0","Y","A","01",0,0,1,0,0,0,0,0,0,"-","-","SACRAMENTO","SACRAMENTO","CA",0,0
"8112920",-121.487387,38.5875199,2016,"3404","0","7","4","03",0,1,"A",,"Y",,,,1800,8,"B","G","A","12TH ST","C ST",102,"N","N","2016-09-06",3404,"2016-08-28",1504,"8141","3","5","7","0","0",,"0","00A","-","N",,0,0,,,0,,,,"N",2,"A","-",22350,,"F","A","H","-","A","A","0","Y","-","99",0,0,1,0,0,0,1,0,0,"-","-","SACRAMENTO","SACRAMENTO","CA",0,0
"8112916",-121.4275132,38.5105186,2016,"3404","0","1","4","12",0,1,"A",,"Y",,,,2100,8,"D","G","A","65TH ST EXPWY","ELDER CREEK RD",6,"S","N","2016-09-06",3404,"2016-08-29",2027,"8141","6","5","7","0","0",,"0","00C","-","N",,0,0,,,0,,,,"N",2,"A","-",21453,"A","N","A","H","-","C","A","0","Y","L","04",0,0,1,0,0,0,1,0,0,"-","-","SACRAMENTO","SACRAMENTO","CA",0,0
"8112888",-121.500013,38.572255,2016,"3404","0","1","3","09",0,2,"A",,,,,,900,8,"D","C","A","R ST","8TH ST",0,,"Y","2016-09-06",3404,"2016-08-29",758,"990","3","5","7","0","0",,"0","00A","-","N",,0,0,,,0,,,,"Y",2,"A","-",21802,"A","N","A","H","-","A","A","0","Y","A","07",0,1,1,0,0,0,0,0,0,"-","-","SACRAMENTO","SACRAMENTO","CA",0,0
"8112611",-121.4090707,38.5250751,2016,"3404","0","7","4","03",0,2,"A",,,,,"Y",1800,8,"C","C","A","FRUITRIDGE RD","POWER INN RD",15,"E","N","2016-09-07",3404,"2016-08-28",1609,"403",,"5","7","0","0",,"0","06C","-","N",,0,0,,,0,,,,"N",2,"A","-",22350,,"F","A","H","-","A","A","0","Y","D","22",0,0,2,0,0,0,0,0,0,"-","-","SACRAMENTO","SACRAMENTO","CA",0,0
"8112607",0,0,2016,"3404","0","2","4","12",0,1,"A",,,,"Y",,1800,8,"D","C","A","ARDEN WAY","SEARS DRWY",0,,"Y","2016-09-07",3404,"2016-08-23",1602,"961","2","5","7","0","0",,"0","00C","-","N",,0,0,,,0,,,,"N",2,"A","-",21453,"A","N","A","H","-","A","A","0","Y","A","01",0,0,1,0,0,0,0,0,0,"-","-","SACRAMENTO","SACRAMENTO","CA",0,0
"8112457",-121.4661731,38.655205,2016,"3404","0","5","3","03",0,2,"A",,,,,"Y",1800,8,"D","C","A","MAIN AV","KELTON WY",0,,"Y","2016-11-03",3404,"2016-08-26",1724,"8187","2","5","7","0","0",,"0","00A","-","N",,0,0,,,0,,,,"Y",2,"A","-",22350,,"N","A","H","-","A","A","0","Y","A","01",0,1,1,0,0,0,0,0,0,"-","-","SACRAMENTO","SACRAMENTO","CA",0,0
"8112456",-121.2917944,38.6783551,2016,"3496","0","5","3","08",0,2,"A","Y",,,,,1800,8,"G","B","F","GREENBACK LN","SAN JUAN AV",194,"E","N","2016-09-02",3496,"2016-08-05",1626,"413",,"5","5","0","0",,"0","002","-","N",,0,0,,,0,,,,"N",3,"A","-",22107,,"N","A","H","-","A","D","0","Y","A","01",0,2,0,0,2,0,0,0,0,"-","-","CITRUS HEIGHTS","SACRAMENTO","CA",0,0
"8112452",-121.2850262,38.6638147,2016,"3496","0","5","4","21",0,3,"A",,,,,,1800,8,"C","C","A","MADISON AV","MARIPOSA AV",121,"W","N","2016-09-02",3496,"2016-08-05",1505,"411","CHPD","5","5","0","0",,"0","040","-","N",,0,0,,,0,,,,"N",2,"A","-",22106,,"N","A","H","-","A","A","0","Y","A","01",0,0,3,0,0,0,0,0,0,"-","-","CITRUS HEIGHTS","SACRAMENTO","CA",0,0
"8112449",-121.4730904,38.5502355,2016,"3404","0","7","4","03",0,2,"A",,,,,,900,8,"B","E","A","32ND ST","MARSHALL WY",120,"S","N","2016-09-01",3404,"2016-08-14",626,"935",,"5","7","0","0",,"0",,"-","N",,0,0,,,0,,,,"Y",2,"A","-",22350,,"N","A","H","-","B","D","0","Y","A","08",0,0,2,0,0,0,0,0,0,"-","-","SACRAMENTO","SACRAMENTO","CA",0,0
"8112448",-121.2715942,38.6726441,2016,"3496","0","2","3","08",0,1,"A",,,"Y",,,2100,8,"E","I","A","SUNRISE BL","MACY PLAZA DR",342,"N","N","2016-09-02",3496,"2016-08-02",1843,"394",,"5","5","0","0",,"0","003","B","N",,0,0,,,0,,,,"N",1,"A","-",22107,,"N","A","H","-","A","D","0","Y","C","02",0,1,0,0,0,0,0,0,1,"-","-","CITRUS HEIGHTS","SACRAMENTO","CA",0,0
"8112444",-121.3253424,38.7039173,2016,"3496","0","1","3","22",0,1,"A",,,,,,1500,8,"E","I","A","MALLARD LN","WOOD DUCK LN",202,"E","N","2016-09-02",3496,"2016-08-08",1345,"131",,"5","5","0","0",,"0",,"-","N",,0,0,,,0,,,,"Y",1,"B","-",0,,"N","A","H","-","A","D","0","Y","A","01",0,1,0,0,0,0,0,0,0,"-","-","CITRUS HEIGHTS","SACRAMENTO","CA",0,0
"8112432",-121.2715983,38.6718753,2016,"3496","0","7","3","07",0,1,"A",,,,,,1500,8,"D","C","A","SUNRISE BL","MACY PLAZA DR",62,"N","N","2016-09-02",3496,"2016-08-21",1239,"145",,"5","5","0","0",,"0","003","-","N",,0,0,,,0,,,,"Y",2,"A","-",21658,"A","F","A","A","-","A","A","0","Y","A","01",0,1,0,0,0,0,0,0,0,"-","-","CITRUS HEIGHTS","SACRAMENTO","CA",0,0
"8112429",-121.4641431,38.578585,2016,"3404","0","4","4","09",0,1,"A",,,,,,1800,8,"A","C","A","E ST","30TH ST",0,,"Y","2016-09-01",3404,"2016-08-25",1745,"930","6","5","7","0","0",,"0","00D","-","N",,0,0,,,0,,,,"Y",2,"A","-",21801,"A","N","A","H","-","A","A","0","Y","A","01",0,0,1,0,0,0,0,0,0,"-","-","SACRAMENTO","SACRAMENTO","CA",0,0
"8112425",0,0,2016,"3404","0","4","3","12",0,1,"A",,"Y",,,,900,8,"-","G","A","NATOMAS BL","NORTH BEND",21,"S","N","2016-11-03",3404,"2016-08-11",819,"558","1A","5","7","0","0",,"0","01A","-","N",,0,0,,,0,,,,"N",2,"A","-",21453,"A","N","A","H","-","A","A","0","Y","A","01",0,1,0,0,0,0,1,0,0,"-","-","SACRAMENTO","SACRAMENTO","CA",0,0
"8112424",-121.418983,38.474365,2016,"3404","0","3","4","00",0,2,"A",,,,,,1800,8,"C","C","A","STOCKTON BL","ELSIE AV",0,,"N","2016-09-02",3404,"2016-08-24",1659,"969","5C","5","7","0","0",,"0","005","-","N",,0,0,,,0,,,,"N",2,"A","-",20001,"A","F","A","H","-","A","D","0","Y","A","01",0,0,2,0,0,0,0,0,0,"-","-","SACRAMENTO","SACRAMENTO","CA",0,0
"8112420",-121.4199269,38.4497551,2016,"3404","0","1","4","09",0,1,"A",,,,,,1500,8,"D","C","A","CALVINE RD","BRUCEVILLE RD",528,"W","N","2016-11-02",3404,"2016-08-22",1457,"966","5","5","7","0","0",,"0","00C","-","N",,0,0,,,0,,,,"Y",2,"A","-",21804,"A","N","A","H","-","A","D","0","Y","A","01",0,0,1,0,0,0,0,0,0,"-","-","SACRAMENTO","SACRAMENTO","CA",0,0
"8112416",-121.4827231,38.495845,2016,"3404","0","4","4","12",0,2,"A",,,,,,600,8,"D","C","A","FLORIN RD","24TH",0,,"Y","2016-11-02",3404,"2016-08-04",548,"970",,"5","7","0","0",,"0","05A","-","N",,0,0,,,0,,,,"Y",2,"A","-",21453,"A","N","A","H","-","B","A","0","Y","-","-",0,0,2,0,0,0,0,0,0,"-","-","SACRAMENTO","SACRAMENTO","CA",0,0
"8112412",-121.4857631,38.5598051,2016,"3404","0","4","4","17",0,3,"A",,,,,,2400,8,"A","C","A","BROADWAY","21ST ST",0,,"Y","2016-09-02",3404,"2016-08-18",2156,"8202","4","5","7","0","0",,"0","04A","-","N",,0,0,,,0,,,,"Y",2,"A","-",21451,"A","N","A","H","-","A","A","0","Y","A","07",0,0,3,0,0,0,0,0,0,"-","-","SACRAMENTO","SACRAMENTO","CA",0,0
"8112404",-121.4272132,38.5179264,2016,"3404","0","4","4","03",0,1,"A",,,,,,1800,8,"C","C","A","65TH ST","40TH ST",76,"S","N","2016-09-02",3404,"2016-08-25",1731,"8129","6","5","7","0","0",,"0","00C","-","N",,0,0,,,0,,,,"Y",2,"A","-",22350,,"N","A","H","-","A","D","0","Y","A","01",0,0,1,0,0,0,0,0,0,"-","-","SACRAMENTO","SACRAMENTO","CA",0,0