"CASEID","POINT_X","POINT_Y","YEAR_","LOCATION","CHPTYPE","DAYWEEK","CRASHSEV","VIOLCAT","KILLED","INJURED","WEATHER1","PEDCOL","BICCOL","MCCOL","TRUCKCOL","ETOH","TIMECAT","MONTH_","CRASHTYP","INVOLVE","PED","PRIMARYRD","SECONDRD","DISTANCE","DIRECT","INTERSECT_","PROCDATE","JURIS","DATE_","TIME_","BADGE","JURIDIST","SHIFT","POP","SPECIAL","BEATTYPE","LAPDDIV","BEATCLAS","BEATNUMB","WEATHER2","STATEHW","CALTRANC","CALTRAND","STROUTE","ROUTESUF","POSTPRE","POSTMILE","LOCATYPE","RAMP","SIDEHW","TOWAWAY","PARTIES","PCF","VIOLCODE","VIOL","VIOLSUB","HITRUN","ROADSURF","RDCOND1","RDCOND2","LIGHTING","RIGHTWAY","CHPRDTYP","NOTPRIV","STFAULT","CHPFAULT","SEVINJ","OTHERINJ","COP","PEDKILL","PEDINJ","BICKILL","BICINJ","MCKILL","MCINJURE","RAMP1","RAMP2","CITY","COUNTY","STATE","X_CHP","Y_CHP"
"8098129",-121.469433,38.566485,2016,"3404","0","2","4","12",0,2,"A",,,,,,2100,8,"D","C","A","P ST","30TH ST",0,,"Y","2016-08-17",3404,"2016-08-09",1859,"0359","6","5","7","0","0",,"0",,"-","N",,0,0,,,0,,,,"Y",2,"A","-",21453,"A","N","A","H","-","A","A","0","Y","A","01",0,0,2,0,0,0,0,0,0,"-","-","SACRAMENTO","SACRAMENTO","CA",0,0
"8098125",-121.4378531,38.525005,2016,"3404","0","1","3","09",0,1,"A",,,"Y",,,1200,8,"D","C","A","FRUITRIDGE RD","ESMERALDA ST",0,,"Y","2016-08-17",3404,"2016-08-08",947,"0698","6","5","7","0","0",,"0","06B","-","N",,0,0,,,0,,,,"Y",2,"A","-",21802,"A","N","A","H","-","A","A","0","Y","A","08",0,1,0,0,0,0,0,0,1,"-","-","SACRAMENTO","SACRAMENTO","CA",0,0
"8098117",-121.5021599,38.5565339,2016,"3404","0","4","3","08",0,1,"A",,,,,,1500,8,"E","I","A","RIVERSIDE BL","VALLEJO WY",76,"N","N","2016-08-17",3404,"2016-08-11",1227,"0600",,"5","7","0","0",,"0",,"-","N",,0,0,,,0,,,,"Y",1,"A","-",22107,,"N","A","H","-","A","D","0","Y","A","07",0,1,0,0,0,0,0,0,0,"-","-","SACRAMENTO","SACRAMENTO","CA",0,0
"8098113",-121.484223,38.566765,2016,"3404","0","4","4","14",0,1,"A",,"Y",,,,2400,8,"D","G","A","S ST","20TH ST",0,,"Y","2016-08-17",3404,"2016-08-04",2158,"4104","3","5","7","0","0",,"0","00B","-","N",,0,0,,,0,,,,"N",2,"A","-",21201,"D","N","A","H","-","C","A","0","Y","L","04",0,0,1,0,0,0,1,0,0,"-","-","SACRAMENTO","SACRAMENTO","CA",0,0
"8098106",-121.4403042,38.5250458,2016,"3404","0","5","4","08",0,2,"A",,,,,,1500,8,"D","C","A","FRUITRIDGE RD","56TH ST",14,"E","N","2016-08-17",3404,"2016-08-12",1408,"8198","6","5","7","0","0",,"0","06B","-","N",,0,0,,,0,,,,"Y",2,"A","-",22107,,"N","A","H","-","A","D","0","Y","A","01",0,0,2,0,0,0,0,0,0,"-","-","SACRAMENTO","SACRAMENTO","CA",0,0
"8098102",-121.4458282,38.4561704,2016,"3404","0","4","3","03",0,1,"A",,,,,,1200,8,"E","I","A","FRANKLIN BL","VILLAGE WOOD DR",253,"N","N","2016-08-17",3404,"2016-08-11",1019,"926","5CP5","5","7","0","0",,"0","05C","-","N",,0,0,,,0,,,,"Y",1,"A","-",22350,,"N","A","H","-","A","D","0","Y","A","07",0,1,0,0,0,0,0,0,0,"-","-","SACRAMENTO","SACRAMENTO","CA",0,0
"8098098",-121.476463,38.570825,2016,"3404","0","6","3","09",0,1,"A",,"Y",,,,300,8,"D","G","A","24TH ST","N ST",0,,"Y","2016-08-17",3404,"2016-08-13",3,"378","3","5","7","0","0",,"0","00B","-","N",,0,0,,,0,,,,"Y",2,"A","-",21800,"A","F","A","H","-","C","A","0","Y","A","01",0,1,0,0,0,0,1,0,0,"-","-","SACRAMENTO","SACRAMENTO","CA",0,0
"8098094",-121.2903468,38.7010284,2016,"3496","0","6","4","11",0,1,"A","Y",,,,"Y",300,8,"G","B","B","AUBURN BL","CARLETON LN",28,"S","N","2016-08-17",3496,"2016-08-06",127,"386","3496","5","5","0","0",,"0","001","-","N",,0,0,,,0,,,,"N",2,"A","-",21456,"B","N","A","H","-","C","A","0","Y","N","60",0,0,1,0,1,0,0,0,0,"-","-","CITRUS HEIGHTS","SACRAMENTO","CA",0,0
"8098093",-121.4147931,38.4654851,2016,"3404","0","4","4","09",0,1,"A",,,,,,1200,8,"-","D","A","STOCKTON BL","VICTORY AV",0,,"Y","2017-02-24",3404,"2016-08-11",930,"966",,"5","7","0","0",,"0","0SC","-","Y","SAC",3,99,"-","-",16.978,"R","4","S","N",2,"A","-",21804,,"N","A","H","-","A","D","0","Y","A","01",0,0,1,0,0,0,0,0,0,"-","-","SACRAMENTO","SACRAMENTO","CA",0,0
"8098085",-121.5055709,38.6156605,2016,"3404","0","5","4","03",0,1,"A",,,,,,1800,8,"-","C","A","AZEVEDO DR","BANNON CREEK DR",250,"S","N","2016-08-17",3404,"2016-08-05",1517,"8107","1","5","7","0","0",,"0","00B","-","N",,0,0,,,0,,,,"Y",2,"A","-",22350,,"N","A","H","-","A","D","0","Y","A","01",0,0,1,0,0,0,0,0,0,"-","-","SACRAMENTO","SACRAMENTO","CA",0,0
"8098081",-121.4763213,38.6054671,2016,"3404","0","4","4","03",0,1,"A",,,,,,2100,8,"C","C","A","ARDEN GARDEN CONNECTOR","NORTHGATE BL",200,"W","N","2016-10-06",3404,"2016-08-04",2023,"8187","1","5","7","0","0",,"0","00C","-","N",,0,0,,,0,,,,"Y",2,"A","-",22350,,"N","A","H","-","C","D","0","Y","A","01",0,0,1,0,0,0,0,0,0,"-","-","SACRAMENTO","SACRAMENTO","CA",0,0
"8097798",0,0,2016,"3404","0","5","3","03",0,2,"A",,,,,,2100,7,"C","C","A","DEL PASO RD","EAST COMMERCE WY",435,"E","N","2016-08-17",3404,"2016-07-29",1925,"268","1","5","7","0","0",,"0","00A","-","N",,0,0,,,0,,,,"Y",3,"A","-",22350,,"N","A","H","-","A","D","0","Y","A","07",0,1,1,0,0,0,0,0,0,"-","-","SACRAMENTO","SACRAMENTO","CA",0,0
"8097731",-121.4126731,38.4610451,2016,"3404","0","7","2","12",0,1,"A",,,,,,600,8,"B","C","A","COSUMNES RIVER BL","RT 99",0,,"Y","2017-02-28",3404,"2016-08-07",320,"0271","5","5","7","0","0",,"0","00C","-","Y","SAC",3,99,"-","-",16.491,"R","4","S","Y",2,"A","-",21453,"A","N","A","H","-","C","A","0","Y","D","22",1,0,0,0,0,0,0,0,0,"-","SF","SACRAMENTO","SACRAMENTO","CA",0,0
"8097727",-121.4782431,38.570105,2016,"3404","0","5","4","09",0,1,"A",,,,,,1500,8,"A","C","A","23RD ST","O ST",0,,"Y","2016-08-18",3404,"2016-08-12",1318,"0756","CENTR","5","7","0","0",,"0","03B","-","N",,0,0,,,0,,,,"Y",2,"A","-",21801,"A","N","A","H","-","A","D","0","Y","A","01",0,0,1,0,0,0,0,0,0,"-","-","SACRAMENTO","SACRAMENTO","CA",0,0
"8097719",-121.4467929,38.4636819,2016,"3404","0","4","4","01",0,2,"A",,,,"Y","Y",2400,8,"C","C","A","FRANKLIN BL","TORRENTE WY",140,"S","N","2016-08-18",3404,"2016-08-11",2104,"0218","5","5","7","0","0",,"0","00B","-","N",,0,0,,,0,,,,"Y",3,"A","-",23152,,"F","A","H","-","C","A","0","Y","F","26",0,0,2,0,0,0,0,0,0,"-","-","SACRAMENTO","SACRAMENTO","CA",0,0
"8097715",-121.4831931,38.524785,2016,"3404","0","4","4","01",0,1,"A",,,"Y","Y","Y",1800,8,"B","C","A","24TH ST","FRUITRIDGE RD",0,,"Y","2016-10-28",3404,"2016-08-11",1647,"840","4","5","7","0","0",,"0","00B","-","N",,0,0,,,0,,,,"Y",2,"A","-",23152,"A","N","A","H","-","A","A","0","Y","C","02",0,0,1,0,0,0,0,0,1,"-","-","SACRAMENTO","SACRAMENTO","CA",0,0
"8097704",-121.5236431,38.495885,2016,"3404","0","1","4","03",0,1,"A",,,,,,2100,8,"D","C","A","FLORIN RD","GREENHAVEN DR",0,,"Y","2016-08-18",3404,"2016-08-08",2046,"8141","4","5","7","0","0",,"0","00C","-","N",,0,0,,,0,,,,"N",3,"A","-",22350,,"N","A","H","-","C","A","0","Y","A","01",0,0,1,0,0,0,0,0,0,"-","-","SACRAMENTO","SACRAMENTO","CA",0,0
"8097696",-121.262957,38.7077942,2016,"3496","0","7","4","03",0,1,"A",,,,,,1800,7,"D","D","A","FAIR OAKS BL","OLD AUBURN RD",20,"S","N","2016-08-18",3496,"2016-07-31",1631,"394",,"5","5","0","0",,"0","002","-","N",,0,0,,,0,,,,"Y",2,"A","-",22350,,"N","A","H","-","A","A","0","Y","D","22",0,0,1,0,0,0,0,0,0,"-","-","CITRUS HEIGHTS","SACRAMENTO","CA",0,0
"8097692",-121.310811,38.6782166,2016,"3496","0","2","4","03",0,2,"A",,,,,,1800,8,"C","C","A","GREENBACK LN","DEWEY DR",105,"W","N","2016-08-18",3496,"2016-08-02",1550,"394",,"5","5","0","0",,"0","003","-","N",,0,0,,,0,,,,"N",2,"A","-",22350,,"N","A","H","-","A","A","0","Y","D","22",0,0,2,0,0,0,0,0,0,"-","-","CITRUS HEIGHTS","SACRAMENTO","CA",0,0
"8097677",-121.1537974,38.6694224,2016,"3401","0","1","4","03",0,1,"A",,,,,,1800,8,"C","C","A","BLUE RAVINE RD","E BIDWELL ST",20,"E","N","2016-08-15",3401,"2016-08-08",1541,"167","03401","5","5","0","0",,"0","002","-","N",,0,0,,,0,,,,"Y",2,"A","-",22350,,"N","A","H","-","A","A","0","Y","A","01",0,0,1,0,0,0,0,0,0,"-","-","FOLSOM","SACRAMENTO","CA",0,0
"8097641",-121.154543,38.6733651,2016,"3401","0","3","3","11",0,1,"A","Y",,,,,2100,8,"G","B","B","MONTROSE DR","SCHOOL ST",0,,"Y","2016-08-15",3401,"2016-08-03",2059,"236","03401","5","5","0","0",,"0","002","-","N",,0,0,,,0,,,,"N",2,"A","-",21950,"B","N","A","H","-","C","D","0","Y","N","60",0,1,0,0,1,0,0,0,0,"-","-","FOLSOM","SACRAMENTO","CA",0,0
"8097637",-121.1395124,38.6589084,2016,"3401","0","3","4","00",0,1,"A",,,,,,1500,8,"C","C","A","OAK AVENUE PKWY","RILEY ST",95,"S","N","2016-08-15",3401,"2016-08-03",1255,"203","3401","5","5","0","0",,"0","004","-","N",,0,0,,,0,,,,"Y",2,"D","-",0,,"N","A","H","-","A","A","0","Y","-","-",0,0,1,0,0,0,0,0,0,"-","-","FOLSOM","SACRAMENTO","CA",0,0
"8097571",-121.1793831,38.6723051,2016,"3401","0","1","4","03",0,1,"A",,,,,,2400,7,"C","C","A","NATOMA ST","SIBLEY ST",0,,"Y","2016-08-17",3401,"2016-07-25",2202,"215","CA034","5","5","0","0",,"0","002","-","N",,0,0,,,0,,,,"N",2,"A","-",22350,,"N","A","H","-","C","D","0","Y","A","01",0,0,1,0,0,0,0,0,0,"-","-","FOLSOM","SACRAMENTO","CA",-121.1792,38.67231
"8097567",-121.137073,38.676835,2016,"3401","0","2","3","09",0,1,"A",,,,,,1800,7,"D","C","A","BLUE RAVINE RD","OAK AVENUE PKWY",0,,"Y","2016-08-16",3401,"2016-07-26",1537,"163","CA034","5","5","0","0",,"0","003","-","N",,0,0,,,0,,,,"Y",3,"A","-",21453,"C","N","A","H","-","A","A","0","Y","A","01",0,1,0,0,0,0,0,0,0,"-","-","FOLSOM","SACRAMENTO","CA",-121.13709,38.67683
"8097563",0,0,2016,"3401","0","5","2","08",0,5,"A",,,,,,1800,7,"A","C","A","EMPIRE RANCH RD","WOODHEAD ST",31,"S","N","2016-08-17",3401,"2016-07-22",1627,"163","CA034","5","5","0","0",,"0","003","-","N",,0,0,,,0,,,,"Y",2,"A","-",22107,,"N","A","H","-","A","D","0","Y","A","01",1,4,0,0,0,0,0,0,0,"-","-","FOLSOM","SACRAMENTO","CA",0,0
"8097559",-121.1764331,38.6777851,2016,"3401","0","6","4","00",0,2,"A","Y",,,,"Y",300,7,"G","B","D","RILEY ST","SUTTER ST",0,,"Y","2016-09-01",3401,"2016-07-16",33,"226","CA034","5","5","0","0",,"0","002","-","N",,0,0,,,0,,,,"N",2,"A","-",21954,,"N","A","H","-","C","A","0","Y","N","60",0,0,2,0,1,0,0,0,0,"-","-","FOLSOM","SACRAMENTO","CA",0,0
"8097383",0,0,2016,"3401","0","5","2","09",0,1,"A",,"Y",,,"Y",1500,8,"H","G","A","FOLSOM-AUBURN RD","OAK AV",0,,"Y","2016-08-18",3401,"2016-08-05",1300,"222","CA034","5","5","0","0",,"0","0 1","-","N",,0,0,,,0,,,,"N",3,"A","-",21800,"A","F","A","H","-","A","A","0","Y","A","01",1,0,0,0,0,0,1,0,0,"-","-","FOLSOM","SACRAMENTO","CA",-121.17806,36.68701
"8097076",-121.4803532,38.4814351,2016,"3404","0","3","4","10",0,1,"A","Y",,,,,2100,7,"G","B","B","MEADOWVIEW RD","24TH ST",0,,"Y","2016-08-12",3404,"2016-07-27",1833,"8204","5","5","7","0","0",,"0","00B","-","N",,0,0,,,0,,,,,2,"A","-",21950,"A","N","A","H","-","A","A","0","Y","A","07",0,0,1,0,1,0,0,0,0,"-","-","SACRAMENTO","SACRAMENTO","CA",0,0
"8097072",-121.4487665,38.6111367,2016,"3404","0","7","4","12",0,1,"A","Y",,,,,2400,7,"A","B","B","DEL PASO BL","EL CAMINO AV",10,"W","N","2016-08-12",3404,"2016-07-24",2313,"4130","SPD","5","7","0","0",,"0","02A","-","N",,0,0,,,0,,,,"N",2,"A","-",21453,"A","F","A","H","-","C","A","0","Y","A","01",0,0,1,0,1,0,0,0,0,"-","-","SACRAMENTO","SACRAMENTO","CA",0,0
"8096737",0,0,2016,"3404","0","2","4","00",0,1,"A","Y",,,,,2400,8,"G","B","F","ELEANOR AV","LAMPASAS AV",181,"N","N","2016-08-11",3404,"2016-08-02",2251,"0911","2","5","7","0","0",,"0","00B","-","N",,0,0,,,0,,,,"N",2,"A","-",23103,,"F","A","H","-","C","A","0","Y","-",,0,0,1,0,1,0,0,0,0,"-","-","SACRAMENTO","SACRAMENTO","CA",0,0
"8096733",-121.449743,38.539455,2016,"3404","0","3","4","12",0,1,"A",,,,,,1500,8,"D","C","A","STOCKTON BL","14TH AV",0,,"Y","2016-08-11",3404,"2016-08-03",1318,"955","6","5","7","0","0",,"0","00B","-","N",,0,0,,,0,,,,"N",2,"A","-",21453,"A","N","A","H","-","A","A","0","Y","A","01",0,0,1,0,0,0,0,0,0,"-","-","SACRAMENTO","SACRAMENTO","CA",0,0
"8096729",0,0,2016,"3404","0","4","4","09",0,1,"A",,,,,,2400,8,"D","C","A","BRUCEVILLE RD","COSUMNES RIVER BL",0,,"Y","2016-08-11",3404,"2016-08-04",2224,"971","5","5","7","0","0",,"0","00C","-","N",,0,0,,,0,,,,"N",2,"A","-",21801,"B","N","A","H","-","C","A","0","Y","A","01",0,0,1,0,0,0,0,0,0,"-","-","SACRAMENTO","SACRAMENTO","CA",0,0
"8096725",-121.5037892,38.4813538,2016,"3404","0","2","3","11",0,1,"A","Y",,,,,1500,8,"G","B","D","MEADOWVIEW RD","FREEPORT BL",399,"E","N","2016-08-11",3404,"2016-08-02",1417,"992","5","5","7","0","0",,"0","05A","-","N",,0,0,,,0,,,,"N",2,"A","-",21955,,"N","A","H","-","A","D","0","Y","N","60",0,1,0,0,1,0,0,0,0,"-","-","SACRAMENTO","SACRAMENTO","CA",0,0
"8096720",-121.4367964,38.6265915,2016,"3404","0","6","4","03",0,2,"A",,,,,,600,8,"C","E","A","ARCADE BL","CALLECITA ST",42,"E","N","2016-08-11",3404,"2016-08-06",335,"893","P2","5","7","0","0",,"0","02B","-","N",,0,0,,,0,,,,"Y",2,"A","-",22350,,"F","A","H","-","C","D","0","Y","A","01",0,0,2,0,0,0,0,0,0,"-","-","SACRAMENTO","SACRAMENTO","CA",0,0
"8096719",-121.419213,38.6254551,2016,"3404","0","4","4","03",0,1,"A",,,,,,1800,8,"C","C","A","ROSEVILLE RD","CONNIE DR",0,,"Y","2016-10-20",3404,"2016-08-04",1638,"0974",,"5","7","0","0",,"0","02A","-","N",,0,0,,,0,,,,"N",3,"A","-",22350,,"N","A","H","-","A","-","0","Y","A","01",0,0,1,0,0,0,0,0,0,"-","-","SACRAMENTO","SACRAMENTO","CA",0,0
"8096704",-121.436523,38.546785,2016,"3404","0","1","4","09",0,2,"A",,,,,,1200,8,"D","C","A","BROADWAY","59TH ST",0,,"Y","2016-08-11",3404,"2016-08-01",954,"8178","6","5","7","0","0",,"0","00B","-","N",,0,0,,,0,,,,"Y",2,"A","-",21801,"A","N","A","H","-","A","A","0","Y","A","01",0,0,2,0,0,0,0,0,0,"-","-","SACRAMENTO","SACRAMENTO","CA",0,0
"8096700",-121.4817233,38.5587397,2016,"3404","0","1","2","11",0,1,"A","Y",,,,,900,8,"-","B","B","BROADWAY","24TH ST",6,"E","N","2016-08-11",3404,"2016-08-01",805,"0889","4","5","7","0","0",,"0","00A","-","N",,0,0,,,0,,,,"N",2,"A","-",21456,"B","N","A","H","-","A","A","0","Y","N","60",1,0,0,0,1,0,0,0,0,"-","-","SACRAMENTO","SACRAMENTO","CA",0,0
"8096696",-121.427233,38.466635,2016,"3404","0","4","3","09",0,2,"A",,,,,,1500,8,"-","C","A","VALLEY HI DR","WESTHOLME WY",0,"N","N","2016-08-24",3404,"2016-08-04",1314,"944","5","5","7","0","0",,"0","05C","-","N",,0,0,,,0,,,,"Y",2,"A","-",21802,"A","N","A","H","-","A","A","0","Y","A","01",0,1,1,0,0,0,0,0,0,"-","-","SACRAMENTO","SACRAMENTO","CA",0,0
"8096692",-121.4438315,38.5670713,2016,"3404","0","1","3","03",0,2,"A",,,,,,1800,8,"C","C","A","J ST","48TH ST",39,"W","N","2016-08-11",3404,"2016-08-01",1521,"8141","6","5","7","0","0",,"0","00D","-","N",,0,0,,,0,,,,"N",3,"A","-",22350,,"N","A","H","-","B","A","0","Y","A","01",0,1,1,0,0,0,0,0,0,"-","-","SACRAMENTO","SACRAMENTO","CA",0,0
"8096688",-121.3830831,38.637165,2016,"3404","0","5","2","00",0,1,"A",,,"Y",,,1500,8,"D","C","A","WATT AV","AUBURN BL",0,,"Y","2016-08-11",3404,"2016-08-05",1323,"8107","2","5","7","0","0",,"0","00A","-","N",,0,0,,,0,,,,"Y",2,"A","-",21453,,"N","A","H","-","A","A","0","Y","A","01",1,0,0,0,0,0,0,0,1,"-","-","SACRAMENTO","SACRAMENTO","CA",0,0
"8096684",-121.4476431,38.467045,2016,"3404","0","1","4","12",0,1,"A",,,,,,900,8,"D","C","A","FRANKLIN BL","VALLEY HI DR",0,,"Y","2016-08-11",3404,"2016-08-01",856,"8129","5","5","7","0","0",,"0","005","-","N",,0,0,,,0,,,,"Y",2,"A","-",21453,"A","N","A","H","-","A","A","0","Y","A","01",0,0,1,0,0,0,0,0,0,"-","-","SACRAMENTO","SACRAMENTO","CA",0,0
"8096668",-121.4465347,38.4604583,2016,"3404","0","3","4","03",0,1,"A",,,,,,900,8,"C","C","A","FRANKLIN BL","EHRHARDT AV",90,"S","N","2016-08-11",3404,"2016-08-03",750,"0230",,"5","7","0","0",,"0","05C","-","N",,0,0,,,0,,,,"Y",2,"A","-",22350,,"N","A","H","-","A","A","0","Y","A","01",0,0,1,0,0,0,0,0,0,"-","-","SACRAMENTO","SACRAMENTO","CA",0,0
"8096664",-121.4302177,38.5159899,2016,"3404","0","3","3","08",0,2,"A",,,,,,1200,8,"-","E","A","LEMON HILL AV","63RD ST",70,"W","N","2016-08-11",3404,"2016-08-03",1016,"927","6B","5","7","0","0",,"0",,"-","N",,0,0,,,0,,,,"Y",2,"A","-",22107,,"N","A","H","-","A","A","0","Y","A","01",0,1,1,0,0,0,0,0,0,"-","-","SACRAMENTO","SACRAMENTO","CA",0,0
"8096660",-121.4273532,38.5061877,2016,"3404","0","2","4","08",0,4,"A",,,,,,2400,8,"B","C","A","65TH ST EXPWY","FARO DR",92,"N","N","2016-08-11",3404,"2016-08-02",2329,"0203",,"5","7","0","0",,"0","06C","-","N",,0,0,,,0,,,,"Y",3,"A","-",22107,,"F","A","H","-","C","D","0","Y","-",,0,0,4,0,0,0,0,0,0,"-","-","SACRAMENTO","SACRAMENTO","CA",0,0
"8096656",-121.5080531,38.6653251,2016,"3404","0","2","3","03",0,1,"A",,,,,,1800,8,"D","C","A","NATOMAS BL","NORTH PARK DR",0,,"Y","2016-08-11",3404,"2016-08-02",1740,"8187","1","5","7","0","0",,"0","00A","-","N",,0,0,,,0,,,,"Y",3,"A","-",22350,,"N","A","H","-","A","A","0","Y","A","01",0,1,0,0,0,0,0,0,0,"-","-","SACRAMENTO","SACRAMENTO","CA",0,0
"8096401",-121.4199289,38.5179923,2016,"3404","0","1","4","01",0,1,"A",,,,,"Y",2400,8,"E","E","A","BELLEVIEW AV","ROTELLA DR",192,"N","N","2016-08-08",3404,"2016-08-01",2310,"0203",,"5","7","0","0",,"0",,"-","N",,0,0,,,0,,,,"Y",2,"A","-",23152,"A","N","-","H","-","C","D","0","Y","A","07",0,0,1,0,0,0,0,0,0,"-","-","SACRAMENTO","SACRAMENTO","CA",0,0
"8096326",-121.4810231,38.5843451,2016,"3404","0","2","3","12",0,1,"A",,"Y",,,,900,8,"D","G","A","D ST","17TH ST",0,,"Y","2016-08-11",3404,"2016-08-02",829,"0756","CENTR","5","7","0","0",,"0","03B","-","N",,0,0,,,0,,,,"N",2,"A","-",22450,"A","N","A","H","-","A","A","0","Y","L","04",0,1,0,0,0,0,1,0,0,"-","-","SACRAMENTO","SACRAMENTO","CA",0,0
"8096322",-121.4829484,38.5247851,2016,"3404","0","1","4","17",0,1,"A",,,,,,1500,8,"C","C","A","FRUITRIDGE RD","24TH ST",70,"E","N","2016-08-11",3404,"2016-08-01",1339,"0729","4","5","7","0","0",,"0","00B","-","N",,0,0,,,0,,,,"N",4,"A","-",21451,"A","F","A","H","-","A","A","0","Y","-",,0,0,1,0,0,0,0,0,0,"-","-","SACRAMENTO","SACRAMENTO","CA",0,0
"8096020",-121.4502531,38.531385,2016,"3404","0","5","4","03",0,1,"A",,,,,,2100,8,"D","C","A","48TH ST","PERRY AV",0,,"Y","2016-08-19",3404,"2016-08-12",1938,"8141","6","5","7","0","0",,"0","00B","-","N",,0,0,,,0,,,,"N",2,"A","-",22350,,"N","A","H","-","B","D","0","Y","D","22",0,0,1,0,0,0,0,0,0,"-","-","SACRAMENTO","SACRAMENTO","CA",0,0
"8096016",0,0,2016,"3404","0","7","4","03",0,1,"A",,,,,,1500,8,"C","C","A","ARDEN WY","SEARS DRWY",390,"W","N","2016-08-19",3404,"2016-08-14",1414,"958","2","5","7","0","0",,"0","00C","-","N",,0,0,,,0,,,,"Y",2,"A","-",22350,,"F","-","H","-","A","D","0","Y","A","01",0,0,1,0,0,0,0,0,0,"-","-","SACRAMENTO","SACRAMENTO","CA",0,0
"8094922",0,0,2016,"3404","0","7","4","03",0,1,"A",,"Y",,,,2100,7,"G","G","A","TRUXEL RD","N MARKETPLACE DRWY",0,,"Y","2016-08-04",3404,"2016-07-31",1802,"448","1A","5","7","0","0",,"0","00A","-","N",,0,0,,,0,,,,"N",2,"A","-",22350,,"N","A","H","-","C","A","0","Y","A","01",0,0,1,0,0,0,1,0,0,"-","-","SACRAMENTO","SACRAMENTO","CA",0,0
"8094914",-121.5236964,38.4901809,2016,"3404","0","5","3","03",0,1,"A",,,,,,1500,7,"C","C","A","WINDBRIDGE DR","SANDPOINTE DR",12,"E","N","2016-08-04",3404,"2016-07-22",1228,"940","2","5","7","0","0",,"0","001","-","N",,0,0,,,0,,,,"Y",2,"A","-",22350,,"N","A","H","-","A","D","0","Y","A","01",0,1,0,0,0,0,0,0,0,"-","-","SACRAMENTO","SACRAMENTO","CA",0,0
"8094910",-121.479083,38.5405442,2016,"3404","0","1","4","03",0,1,"A",,,,,,1500,7,"C","C","A","SUTTERVILLE RD","E CURTIS",52,"W","N","2016-08-04",3404,"2016-07-25",1346,"8129","4","5","7","0","0",,"0","04A","-","N",,0,0,,,0,,,,"Y",2,"A","-",22350,,"N","A","H","-","A","D","0","Y","A","07",0,0,1,0,0,0,0,0,0,"-","-","SACRAMENTO","SACRAMENTO","CA",0,0
"8094800",0,0,2016,"3401","0","4","3","07",0,1,"A",,,,,,1500,7,"E","I","A","GOLF LINKS DR","WOODGLEN DR",236,"E","N","2016-08-02",3401,"2016-07-14",1334,"167","3401","5","5","0","0",,"0","003","-","N",,0,0,,,0,,,,"Y",1,"A","-",21658,"A","N","A","H","-","A","D","0","Y","A","07",0,1,0,0,0,0,0,0,0,"-","-","FOLSOM","SACRAMENTO","CA",0,0
"8094797",-121.4691731,38.541205,2016,"3404","0","6","4","08",0,2,"A",,,,,,1500,7,"C","C","A","12TH AV","35TH ST",0,,"Y","2016-08-03",3404,"2016-07-23",1404,"978","P6","5","7","0","0",,"0","06A","-","N",,0,0,,,0,,,,"Y",2,"A","-",22103,,"N","A","H","-","A","D","0","Y","A","07",0,0,2,0,0,0,0,0,0,"-","-","SACRAMENTO","SACRAMENTO","CA",0,0
"8094793",-121.4094231,38.555485,2016,"3404","0","2","4","08",0,1,"A",,,,,,300,7,"D","C","A","HOWE AV","COLLEGE TOWN DR",0,,"Y","2016-08-03",3404,"2016-07-26",116,"948","6","5","7","0","0",,"0","06E","-","N",,0,0,,,0,,,,"N",2,"A","-",22107,,"F","A","H","-","C","A","0","Y","A","01",0,0,1,0,0,0,0,0,0,"-","-","SACRAMENTO","SACRAMENTO","CA",0,0
"8094789",-121.4561134,38.6367971,2016,"3404","0","3","4","08",0,1,"A",,,,,,1500,7,"H","C","A","GRAND AV","NORWOOD AV",237,"E","N","2016-08-03",3404,"2016-07-20",1216,"8163",,"5","7","0","0",,"0","02A","-","N",,0,0,,,0,,,,"Y",2,"A","-",22107,,"N","A","H","-","A","D","0","Y","-",,0,0,1,0,0,0,0,0,0,"-","-","SACRAMENTO","SACRAMENTO","CA",0,0
"8094785",-121.367064,38.6425281,2016,"3404","0","5","4","03",0,1,"A",,,,,,1500,7,"C","C","A","AUBURN BL","WINDING WY",100,"N","N","2016-08-10",3404,"2016-07-22",1214,"8187","2","5","7","0","0",,"0","00A","-","N",,0,0,,,0,,,,"Y",3,"A","-",22350,,"N","A","H","-","A","A","0","Y","A","01",0,0,1,0,0,0,0,0,0,"-","-","SACRAMENTO","SACRAMENTO","CA",0,0
"8094781",-121.4668536,38.6553302,2016,"3404","0","4","3","03",0,2,"-",,,,,,1800,7,"-","C","A","MAIN AV","KELTON WY",200,"W","N","2016-08-03",3404,"2016-07-21",1616,"779","2","5","7","0","0",,"0","00A","-","N",,0,0,,,0,,,,"N",2,"A","-",22350,,"N","A","H","-","A","D","0","Y","A","01",0,1,1,0,0,0,0,0,0,"-","-","SACRAMENTO","SACRAMENTO","CA",0,0