"CASEID","POINT_X","POINT_Y","YEAR_","LOCATION","CHPTYPE","DAYWEEK","CRASHSEV","VIOLCAT","KILLED","INJURED","WEATHER1","PEDCOL","BICCOL","MCCOL","TRUCKCOL","ETOH","TIMECAT","MONTH_","CRASHTYP","INVOLVE","PED","PRIMARYRD","SECONDRD","DISTANCE","DIRECT","INTERSECT_","PROCDATE","JURIS","DATE_","TIME_","BADGE","JURIDIST","SHIFT","POP","SPECIAL","BEATTYPE","LAPDDIV","BEATCLAS","BEATNUMB","WEATHER2","STATEHW","CALTRANC","CALTRAND","STROUTE","ROUTESUF","POSTPRE","POSTMILE","LOCATYPE","RAMP","SIDEHW","TOWAWAY","PARTIES","PCF","VIOLCODE","VIOL","VIOLSUB","HITRUN","ROADSURF","RDCOND1","RDCOND2","LIGHTING","RIGHTWAY","CHPRDTYP","NOTPRIV","STFAULT","CHPFAULT","SEVINJ","OTHERINJ","COP","PEDKILL","PEDINJ","BICKILL","BICINJ","MCKILL","MCINJURE","RAMP1","RAMP2","CITY","COUNTY","STATE","X_CHP","Y_CHP"
"90343545",-121.2738576,38.6392676,2016,"3400","5","5","4","17",0,1,"A",,,,,,2100,12,"E","J","A","FAIR OAKS BLVD.","PENNSYLVANIA AVE.",150,"W","N","2016-12-13",9250,"2016-12-02",1920,"017862",,"2","9","0","3",,"2","050","-","N",,0,0,,,0,,,,"N",2,"A","-",23114,"A","N","A","H","-","C","D","0","Y","D","22",0,0,1,0,0,0,0,0,0,"-","-","UNINCORPORATED","SACRAMENTO","CA",0,0
"90343678",-121.2659931,38.652865,2016,"3400","5","1","4","04",0,1,"B",,,,,,1200,12,"C","C","A","SUNSET AVE","LIVOTI AVE",0,,"Y","2016-12-13",9260,"2016-12-12",1052,"012638",,"1","9","0","3",,"2","003","-","N",,0,0,,,0,,,,"N",2,"A","-",21703,,"N","A","H","-","A","D","0","Y","A","01",0,0,1,0,0,0,0,0,0,"-","-","UNINCORPORATED","SACRAMENTO","CA",0,0
"90343706",0,0,2016,"3404","3","3","4","03",0,2,"B",,,,,,900,11,"C","C","A","SR-99 N/B","27TH AVE POC",100,"S","N","2016-12-13",9252,"2016-11-30",710,"014512",,"1","7","0","1",,"2","192","-","Y",,0,0,,,0,,,,"N",2,"A","-",22350,,"N","B","H","-","A","D","0","Y","J","48",0,0,2,0,0,0,0,0,0,"-","-","SACRAMENTO","SACRAMENTO","CA",-121.4693,38.5284
"90343731",-121.243392,38.7174081,2016,"3400","5","5","4","03",0,1,"B",,,,,,2100,12,"C","C","A","OLD AUBURN RD","LINDA CREEK CT",25,"W","N","2016-12-13",9260,"2016-12-09",2015,"018691",,"2","9","0","3",,"2","003","C","N",,0,0,,,0,,,,"Y",2,"A","-",22350,,"N","B","H","-","C","A","0","Y","D","22",0,0,1,0,0,0,0,0,0,"-","-","UNINCORPORATED","SACRAMENTO","CA",-121.24327,38.71734
"90343748",-121.345943,38.7037151,2016,"3400","4","5","4","12",0,3,"A",,,,,,1500,12,"D","A","A","ANTELOPE RD","DON JULIO BLVD",0,,"Y","2016-12-13",9250,"2016-12-02",1310,"019825",,"1","9","0","2",,"1","012","-","N",,0,0,,,0,,,,"Y",2,"A","-",21453,"A","N","A","H","-","A","A","0","Y","A","01",0,0,3,0,0,0,0,0,0,"-","-","UNINCORPORATED","SACRAMENTO","CA",-121.34575,38.70402
"90343757",0,0,2016,"3450","3","2","4","03",0,2,"B",,,,,,1800,12,"C","C","A","SR-99 N/B","SHELDON RD",528,"N","N","2016-12-13",9252,"2016-12-06",1545,"015718",,"2","5","0","1",,"2","191","-","Y",,0,0,,,0,,,,"Y",3,"A","-",22350,,"N","A","H","-","A","D","0","Y","A","01",0,0,2,0,0,0,0,0,0,"-","-","ELK GROVE","SACRAMENTO","CA",-121.4009,38.4361
"90343760",-121.561354,38.6344347,2016,"3400","5","1","3","03",0,1,"B",,,,,,1500,12,"B","I","A","GARDEN HIGHWAY","SAN JUAN ROAD",2640,"N","N","2016-12-13",9250,"2016-12-05",1240,"012047",,"1","9","0","3",,"2","090","-","N",,0,0,,,0,,,,"Y",2,"A","-",22350,,"F","A","H","-","A","D","0","Y","-","99",0,1,0,0,0,0,0,0,0,"-","-","UNINCORPORATED","SACRAMENTO","CA",0,0
"90343786",0,0,2016,"3400","1","1","2","03",0,1,"B",,,"Y",,,1500,10,"C","C","A","I-80 W/B TO WATT AVE","WATT AVE",152,"E","N","2016-12-13",9250,"2016-10-31",1220,"012047",,"1","9","0","1",,"2","183","-","Y",,0,0,,,0,,,,"Y",2,"A","-",22350,,"N","A","H","-","A","A","0","Y","C","02",1,0,0,0,0,0,0,0,1,"-","-","UNINCORPORATED","SACRAMENTO","CA",0,0
"90343798",0,0,2016,"3400","5","2","4","03",0,1,"B",,"Y",,,,900,12,"H","G","A","KINGSBRIDGE DRIVE","IRONSTONE WAY",40,"N","N","2016-12-13",9252,"2016-12-06",715,"018477",,"1","9","0","3",,"2","074","E","N",,0,0,,,0,,,,"N",2,"A","-",22350,,"N","A","H","-","B","D","0","Y","A","07",0,0,1,0,0,0,1,0,0,"-","-","UNINCORPORATED","SACRAMENTO","CA",-121.34861,38.45614
"90343878",-121.2725131,38.652785,2016,"3400","4","3","4","03",0,1,"C",,,,,,2400,12,"C","C","A","SUNRISE BLVD","SUNSET AVE",0,,"Y","2017-02-27",9260,"2016-12-07",2110,"018532",,"2","9","0","2",,"2","301","-","N",,0,0,,,0,,,,"N",2,"A","-",22350,,"F","B","H","-","C","A","0","Y","A","01",0,0,1,0,0,0,0,0,0,"-","-","UNINCORPORATED","SACRAMENTO","CA",-121.27246,38.65301
"90343928",-121.2724131,38.6536351,2016,"3400","4","1","3","10",0,1,"B","Y",,,,,1200,12,"G","B","B","SUNRISE BLVD","SUNCREST WAY",0,,"Y","2016-12-13",9260,"2016-12-05",1105,"012638",,"1","9","0","2",,"2","301","-","N",,0,0,,,0,,,,"N",2,"A","-",21950,"A","N","A","H","-","A","D","0","Y","A","01",0,1,0,0,1,0,0,0,0,"-","-","UNINCORPORATED","SACRAMENTO","CA",0,0
"90343944",-121.1305326,38.5702971,2016,"3400","5","3","4","08",0,1,"B",,,,,,1800,12,"E","I","A","SCOTT RD","BOYS RANCH RD",6336,"N","N","2016-12-13",9260,"2016-12-07",1510,"013664",,"2","9","0","3",,"2","001","-","N",,0,0,,,0,,,,"Y",1,"A","-",22107,,"N","A","H","-","A","D","0","Y","A","01",0,0,1,0,0,0,0,0,0,"-","-","UNINCORPORATED","SACRAMENTO","CA",0,0
"90344117",0,0,2016,"3404","2","6","4","03",0,1,"C",,,,,,2400,11,"E","I","A","US 50 W/B TO SR-99 S/B","X ST",145,"N","N","2016-12-14",9252,"2016-11-26",2100,"018715",,"2","7","0","1",,"2","150","-","Y",,0,0,,,0,,,,"Y",1,"A","-",22350,,"N","B","H","-","C","D","0","Y","A","01",0,0,1,0,0,0,0,0,0,"-","-","SACRAMENTO","SACRAMENTO","CA",-121.47439,38.5583
"90344119",-121.382953,38.690265,2016,"3400","4","5","4","12",0,1,"B",,,,,,2100,12,"A","C","A","WATT AVE","ELKHORN BLVD",0,,"Y","2016-12-14",9250,"2016-12-09",2018,"018872",,"2","9","0","2",,"1","011","-","N",,0,0,,,0,,,,"Y",2,"A","-",21453,"A","N","A","H","-","C","D","0","Y","A","01",0,0,1,0,0,0,0,0,0,"-","-","UNINCORPORATED","SACRAMENTO","CA",0,0
"90344124",-121.3297875,38.3304464,2016,"3400","3","2","3","08",0,1,"A",,,,,,1500,12,"E","I","A","SR-99 SB","ARNO RD.",2112,"N","N","2016-12-14",9252,"2016-12-06",1255,"014833",,"1","9","0","1",,"2","190","-","Y",,0,0,,,0,,,,"Y",1,"A","-",22107,,"N","A","H","-","A","D","0","Y","A","01",0,1,0,0,0,0,0,0,0,"-","-","UNINCORPORATED","SACRAMENTO","CA",-121.32968,38.33009
"90344132",-121.3400123,38.7036326,2016,"3400","4","5","4","03",0,1,"B",,,,,,1800,12,"C","C","A","ANTELOPE RD","SAINT BEDE WAY",200,"E","N","2016-12-14",9250,"2016-12-09",1755,"018872",,"2","9","0","2",,"1","012","-","N",,0,0,,,0,,,,"Y",3,"A","-",22350,,"N","A","H","-","C","D","0","Y","E","22",0,0,1,0,0,0,0,0,0,"-","-","UNINCORPORATED","SACRAMENTO","CA",0,0
"90344156",0,0,2016,"3400","1","6","4","03",0,1,"B",,,,,,2100,12,"F","A","A","I-5 N/B","GARDEN HWY",145,"N","N","2016-12-14",9250,"2016-12-10",1945,"019133",,"2","9","0","1",,"2","105","-","Y",,0,0,,,0,,,,"Y",1,"A","-",22350,,"N","B","H","-","D","D","0","Y","A","07",0,0,1,0,0,0,0,0,0,"-","-","UNINCORPORATED","SACRAMENTO","CA",-121.50651,38.60732
"90344167",0,0,2016,"3400","3","1","4","07",0,3,"B",,,,,,900,12,"B","C","A","SR-99 N/B","FLORIN RD",2640,"N","N","2016-12-14",9252,"2016-12-05",846,"014561",,"1","9","0","1",,"2","192","-","Y",,0,0,,,0,,,,"Y",6,"A","-",21658,"A","N","A","H","-","A","D","0","Y","A","01",0,0,3,0,0,0,0,0,0,"-","-","UNINCORPORATED","SACRAMENTO","CA",-121.388,38.469
"90344184",-121.408753,38.474415,2016,"3400","4","2","3","12",0,2,"E",,,,"Y",,900,12,"D","C","A","POWER INN RD.","ELSIE AVE",0,,"Y","2016-12-14",9252,"2016-12-06",618,"018723",,"1","9","0","2",,"2","073","-","N",,0,0,,,0,,,,"Y",4,"A","-",21453,"A","N","B","H","-","C","A","0","Y","A","01",0,1,1,0,0,0,0,0,0,"-","-","UNINCORPORATED","SACRAMENTO","CA",-121.4087,38.4743
"90344192",-121.2895432,38.4233281,2016,"3450","S","1","2","05",0,5,"B",,,,,,900,10,"B","C","A","WILTON RD","GRANT LINE RD",4224,"S","N","2016-12-28",9252,"2016-10-24",710,"014561",,"1","5","1","4",,"2","901","-","N",,0,0,,,0,,,,"Y",3,"A","-",21650,,"N","A","H","-","B","D","0","Y","A","01",1,4,0,0,0,0,0,0,0,"-","-","ELK GROVE","SACRAMENTO","CA",-121.6398,38.1693
"90344228",0,0,2016,"3400","3","5","4","01",0,1,"A",,,,,"Y",2400,12,"C","C","A","SR-99 S/B","FLORIN RD",100,"N","N","2016-12-14",9252,"2016-12-02",2200,"019071",,"3","9","0","1",,"2","192","-","Y",,0,0,,,0,,,,"Y",2,"A","-",23152,"A","N","A","H","-","C","D","0","Y","A","01",0,0,1,0,0,0,0,0,0,"-","-","UNINCORPORATED","SACRAMENTO","CA",-121.44668,38.49651
"90344279",0,0,2016,"3404","2","3","4","03",0,1,"A",,,,,,900,12,"C","C","A","US-50 W/B","15TH STREET",60,"E","N","2016-12-14",9252,"2016-12-07",805,"013823",,"1","7","0","1",,"2","150","-","Y",,0,0,,,0,,,,"Y",4,"A","-",22350,,"N","A","H","-","A","D","0","Y","A","01",0,0,1,0,0,0,0,0,0,"-","-","SACRAMENTO","SACRAMENTO","CA",-121.54347,38.49347
"90344331",0,0,2016,"3450","3","3","4","03",0,1,"A",,,,,,900,12,"C","C","A","SR-99 S/B","ELK GROVE CREEK POC",10,"N","N","2016-12-14",9252,"2016-12-07",636,"014512",,"1","5","0","1",,"2","191","-","Y",,0,0,,,0,,,,"Y",3,"A","-",22350,,"N","A","C","-","D","D","0","Y","A","07",0,0,1,0,0,0,0,0,0,"-","-","ELK GROVE","SACRAMENTO","CA",-121.41399,38.46547
"90344394",-121.3960879,38.4960831,2016,"3400","5","3","4","03",0,1,"B",,,,,,1800,12,"C","C","A","FLORIN RD","MCCOMBER ST",50,"W","N","2016-12-14",9252,"2016-12-07",1755,"018119",,"2","9","0","3",,"2","074","C","N",,0,0,,,0,,,,"Y",2,"A","-",22350,,"N","B","H","-","C","A","0","Y","A","01",0,0,1,0,0,0,0,0,0,"-","-","UNINCORPORATED","SACRAMENTO","CA",-121.39191,38.49618
"90344442",-121.2920666,38.6637251,2016,"3400","4","6","3","01",0,1,"B",,,,,"Y",2100,12,"C","C","A","MADISON AVE","SAN JUAN AVE",65,"E","N","2016-12-14",9250,"2016-12-10",1839,"018835",,"2","9","0","2",,"1","024","C","N",,0,0,,,0,,,,"Y",2,"A","-",23152,"A","N","B","H","-","C","A","0","Y","A","01",0,1,0,0,0,0,0,0,0,"-","-","UNINCORPORATED","SACRAMENTO","CA",-121.29189,38.66375
"90344466",-121.3505414,38.6601388,2016,"3400","5","3","4","09",0,1,"B",,,"Y",,,2100,12,"D","C","A","COLLEGE OAK DRIVE","MADISON AVENUE",312,"S","N","2016-12-14",9250,"2016-12-07",1850,"016225",,"2","9","0","3",,"2","020","C","N",,0,0,,,0,,,,"N",3,"A","-",21804,"A","F","B","H","-","D","D","0","Y","A","01",0,0,1,0,0,0,0,0,1,"-","-","UNINCORPORATED","SACRAMENTO","CA",0,0
"90344560",0,0,2016,"3400","5","4","2","09",0,4,"B",,,,,,1500,12,"D","C","A","SUTTER SLOUGH BRIDGE RD","PAINTERSVILLE BRIDGE",0,,"Y","2016-12-14",9252,"2016-12-08",1448,"019821",,"2","9","0","3",,"2","090","-","N",,0,0,,,0,,,,"Y",2,"A","-",21802,"A","N","B","H","-","A","D","0","Y","A","01",1,0,3,0,0,0,0,0,0,"-","-","UNINCORPORATED","SACRAMENTO","CA",-121.57888,38.31886
"90344577",0,0,2016,"3404","3","4","4","03",0,1,"B",,,,,,1800,12,"C","C","A","SR-99 N/B","12TH AVE",2640,"S","N","2016-12-14",9252,"2016-12-08",1620,"017134",,"2","7","0","1",,"2","192","C","Y",,0,0,,,0,,,,"Y",2,"A","-",22350,,"N","B","H","-","B","D","0","Y","A","01",0,0,1,0,0,0,0,0,0,"-","-","SACRAMENTO","SACRAMENTO","CA",-121.46512,38.55621
"90344583",0,0,2016,"3490","2","1","4","03",0,2,"B",,,,,,900,12,"C","C","A","US 50 E/B FROM ZINFANDEL N/B","ZINFANDEL DR",350,"E","N","2016-12-14",9260,"2016-12-12",630,"013147",,"1","5","0","1",,"2","502","-","Y",,0,0,,,0,,,,"Y",2,"A","-",22350,,"N","A","H","-","C","A","0","Y","A","07",0,0,2,0,0,0,0,0,0,"-","-","RANCHO CORDOVA","SACRAMENTO","CA",0,0
"90344674",0,0,2016,"3400","3","5","4","08",0,1,"B",,,,,,900,12,"E","I","A","STATE ROUTE (SR) 99 NORTHBOUND","MARTINE LUTHER KING JR. BLVD.",20,"S","N","2016-12-14",9252,"2016-12-09",715,"015006",,"1","9","0","1",,"2","192","-","Y",,0,0,,,0,,,,"Y",1,"A","-",22107,,"N","B","H","-","A","D","0","Y","A","01",0,0,1,0,0,0,0,0,0,"-","-","UNINCORPORATED","SACRAMENTO","CA",-121.412,38.3718
"90344696",-121.4014331,38.627065,2016,"3400","4","4","2","12",0,1,"C",,"Y",,,,2100,12,"H","G","A","FULTON AVENUE","EDISON AVENUE",0,,"Y","2016-12-14",9250,"2016-12-08",1924,"014142",,"2","9","0","2",,"1","043","-","N",,0,0,,,0,,,,"N",2,"A","-",21453,"A","N","B","H","-","C","A","0","Y","L","04",1,0,0,0,0,0,1,0,0,"-","-","UNINCORPORATED","SACRAMENTO","CA",0,0
"90344730",0,0,2016,"3404","1","6","2","08",0,1,"C",,,,,"Y",300,12,"E","I","A","I-80 E/B TO MADISON AVE ","MADISON AVE ",150,"W","N","2016-12-14",9250,"2016-12-10",250,"019151",,"3","7","0","1",,"2","184","-","Y",,0,0,,,0,,,,"Y",1,"A","-",22107,,"N","B","H","-","D","B","0","Y","A","01",1,0,0,0,0,0,0,0,0,"-","-","SACRAMENTO","SACRAMENTO","CA",0,0
"90344768",-121.3766603,38.666213,2016,"3400","5","7","3","01",0,1,"B",,,,,"Y",300,12,"B","E","A","POPLAR AVE","PAYNE WAY",25,"S","N","2016-12-14",9250,"2016-12-11",8,"019687",,"3","9","0","3",,"2","010","-","N",,0,0,,,0,,,,"Y",3,"A","-",23152,"A","M","B","H","-","D","D","0","Y","A","01",0,1,0,0,0,0,0,0,0,"-","-","UNINCORPORATED","SACRAMENTO","CA",-121.37661,38.66617
"90344908",-121.4451738,38.4529753,2016,"3400","S","6","4","08",0,1,"B",,,,,,2100,12,"E","I","A","FRANKLIN BLVD","VILLAGE STAR DR",70,"S","N","2016-12-14",9252,"2016-12-10",1940,"019793",,"2","9","0","2",,"2","085","-","N",,0,0,,,0,,,,"N",1,"A","-",22107,,"N","B","H","-","C","D","0","Y","A","01",0,0,1,0,0,0,0,0,0,"-","-","UNINCORPORATED","SACRAMENTO","CA",-121.44519,38.45295
"90344914",-121.3464061,38.5947934,2016,"3400","4","6","4","01",0,2,"B",,,,,"Y",2400,12,"D","C","A","FAIR OAKS BLVD","ARDEN WAY",250,"S","N","2016-12-14",9250,"2016-12-10",2210,"019169",,"3","9","0","2",,"1","053","-","Y",,0,0,,,0,,,,"N",2,"A","-",23152,"A","N","B","H","-","D","D","0","Y","A","07",0,0,2,0,0,0,0,0,0,"-","-","UNINCORPORATED","SACRAMENTO","CA",0,0
"90345046",0,0,2016,"3404","3","6","4","03",0,1,"B",,,,,,1800,12,"C","C","A","SR-99 N/B","12TH AVENUE",50,"S","N","2016-12-14",9252,"2016-12-10",1640,"019833",,"2","7","0","1",,"2","192","C","Y",,0,0,,,0,,,,"Y",2,"A","-",22350,,"N","B","H","-","C","D","0","Y","A","01",0,0,1,0,0,0,0,0,0,"-","-","SACRAMENTO","SACRAMENTO","CA",-121.47375,38.54093
"90345076",-121.3645669,38.7218097,2016,"3400","4","5","4","01",0,1,"B",,,,,"Y",2400,12,"C","C","A","WALERGA RD","NORTH LOOP BLVD. ",100,"N","N","2016-12-14",9250,"2016-12-09",2310,"018542",,"3","9","0","2",,"1","013","C","N",,0,0,,,0,,,,"Y",2,"A","-",23152,"A","N","B","H","-","D","D","0","Y","A","07",0,0,1,0,0,0,0,0,0,"-","-","UNINCORPORATED","SACRAMENTO","CA",-121.36462,38.7219
"90345233",0,0,2016,"3400","4","4","4","03",0,1,"A",,,,,,1800,12,"C","C","A","WALERGA ROAD S/B","GALBRATH DR",380,"S","N","2016-12-15",9250,"2016-12-01",1520,"015745",,"2","9","0","2",,"1","013","-","N",,0,0,,,0,,,,"N",3,"A","-",22350,,"N","A","H","-","A","D","0","Y","A","01",0,0,1,0,0,0,0,0,0,"-","-","UNINCORPORATED","SACRAMENTO","CA",0,0
"90345235",0,0,2016,"3400","4","4","4","03",0,2,"C",,,,,,1800,12,"C","C","A","MADISON AVENUE E/B","COLLEGE OAK DR",130,"W","N","2016-12-15",9250,"2016-12-08",1606,"015745",,"2","9","0","2",,"1","024","-","N",,0,0,,,0,,,,"N",2,"A","-",22350,,"N","B","H","-","A","D","0","Y","A","01",0,0,2,0,0,0,0,0,0,"-","-","UNINCORPORATED","SACRAMENTO","CA",0,0
"90345245",0,0,2016,"3401","2","3","4","03",0,1,"A",,,,,,1800,12,"C","C","A","US 50 E/B","FOLSOM BLVD",1500,"W","N","2016-12-15",9260,"2016-12-14",1650,"013147",,"2","5","0","1",,"2","502","-","Y",,0,0,,,0,,,,"Y",2,"A","-",22350,,"N","A","H","-","D","D","0","Y","A","07",0,0,1,0,0,0,0,0,0,"-","-","FOLSOM","SACRAMENTO","CA",0,0
"90345258",0,0,2016,"3490","S","5","4","03",0,1,"A",,,,,,2400,12,"C","C","A","US-50 E/B","BRADSHAW RD",1584,"W","N","2016-12-27",9260,"2016-12-02",2300,"019323",,"3","5","0","1",,"2","904","-","Y",,0,0,,,0,,,,"Y",2,"A","-",22350,,"N","A","H","-","D","D","0","Y","D","22",0,0,1,0,0,0,0,0,0,"-","-","RANCHO CORDOVA","SACRAMENTO","CA",-121.34835,38.56183
"90345291",-121.366876,38.539117,2016,"3400","5","5","4","08",0,2,"B",,,,,,900,12,"A","C","A","BAIRNSDALE WAY","GLEN INNES WAY",25,"W","N","2016-12-15",9260,"2016-12-09",735,"014936",,"1","9","0","3",,"2","001","-","N",,0,0,,,0,,,,"Y",2,"A","-",22107,,"N","B","H","-","A","D","0","Y","A","01",0,0,2,0,0,0,0,0,0,"-","-","UNINCORPORATED","SACRAMENTO","CA",-121.3669,38.53908
"90345327",0,0,2016,"3400","3","1","4","03",0,1,"B",,,,,,900,12,"C","C","A","SR-99 N/B","MORRISON CREEK",400,"S","N","2016-12-15",9252,"2016-12-05",855,"013732",,"1","9","0","1",,"2","192","-","Y",,0,0,,,0,,,,"N",3,"A","-",22350,,"M","A","H","-","A","D","0","Y","A","07",0,0,1,0,0,0,0,0,0,"-","-","UNINCORPORATED","SACRAMENTO","CA",-121.44996,38.49987
"90345330",-121.291797,38.6363637,2016,"3400","5","3","3","07",0,1,"A",,,"Y",,,900,11,"B","A","A","SAN JUAN AVENUE","FAIR OAKS BOULEVARD",25,"N","N","2016-12-15",9250,"2016-11-09",745,"015423",,"1","9","0","3",,"2","050","-","N",,0,0,,,0,,,,"N",2,"A","-",21658,"A","F","A","H","-","A","A","0","Y","A","01",0,1,0,0,0,0,0,0,1,"-","-","UNINCORPORATED","SACRAMENTO","CA",0,0
"90345333",-121.4015431,38.6416551,2016,"3400","4","4","4","12",0,2,"C",,,,"Y",,1200,12,"D","C","A","ROSEVILLE RD","LONGVIEW DR",0,,"Y","2016-12-15",9250,"2016-12-08",1125,"016141",,"1","9","0","2",,"1","015","-","N",,0,0,,,0,,,,"Y",2,"A","-",21453,"A","N","B","H","-","A","A","0","Y","A","01",0,0,2,0,0,0,0,0,0,"-","-","UNINCORPORATED","SACRAMENTO","CA",0,0
"90345365",0,0,2016,"3400","1","4","4","03",0,1,"B",,,,,,600,12,"E","I","A","I-5 S/B","GLORIA DR",150,"S","N","2016-12-15",9252,"2016-12-08",525,"018649",,"3","9","0","1",,"2","107","C","Y",,0,0,,,0,,,,"Y",1,"A","-",22350,,"N","B","H","-","C","D","0","Y","A","01",0,0,1,0,0,0,0,0,0,"-","-","UNINCORPORATED","SACRAMENTO","CA",-121.52176,38.5089
"90345388",-121.438203,38.510495,2016,"3400","4","5","4","03",0,1,"B",,,,,,1200,12,"C","C","A","47TH AVE","WIRE DR",0,,"Y","2016-12-15",9252,"2016-12-09",940,"018649",,"1","9","0","2",,"1","071","-","N",,0,0,,,0,,,,"N",2,"A","-",22350,,"N","B","H","-","A","A","0","Y","A","01",0,0,1,0,0,0,0,0,0,"-","-","UNINCORPORATED","SACRAMENTO","CA",-121.43823,38.51043
"90345395",-121.4429631,38.503545,2016,"3400","4","5","4","09",0,2,"A",,,,,,1800,12,"D","C","A","AUSTIN WAY","53RD AVENUE",0,,"Y","2016-12-15",9252,"2016-12-09",1605,"018649",,"2","9","0","2",,"1","071","-","N",,0,0,,,0,,,,"Y",2,"A","-",21802,"A","N","A","H","-","A","A","0","Y","A","01",0,0,2,0,0,0,0,0,0,"-","-","UNINCORPORATED","SACRAMENTO","CA",-121.4433,38.50351
"90345399",0,0,2016,"3404","2","6","3","08",0,1,"B",,,,,,1500,12,"F","A","A","US-50 W/B TO SR-99 S/B","SR-99 NORTHBOUND",131,"E","N","2016-12-15",9252,"2016-12-10",1408,"018579",,"2","7","0","1",,"2","151","C","Y",,0,0,,,0,,,,"Y",1,"A","-",22107,,"N","B","H","-","A","D","0","Y","A","07",0,1,0,0,0,0,0,0,0,"-","-","SACRAMENTO","SACRAMENTO","CA",-121.28206,38.33339
"90345415",0,0,2016,"3400","3","7","3","03",0,2,"A",,,,,,1800,12,"C","C","A","SR-244","AUBURN BLVD",59,"W","N","2016-12-15",9250,"2016-12-04",1750,"016907",,"2","9","0","1",,"1","244","-","Y",,0,0,,,0,,,,"Y",3,"A","-",22350,,"N","A","H","-","A","A","0","Y","A","01",0,1,1,0,0,0,0,0,0,"-","-","UNINCORPORATED","SACRAMENTO","CA",0,0
"90345438",0,0,2016,"3400","4","7","4","03",0,1,"A",,,,,,300,12,"E","I","A","SANDYLEE WAY","DEL PRADO COURT",258,"E","N","2016-12-15",9252,"2016-12-11",245,"018575",,"3","9","0","2",,"2","073","-","N",,0,0,,,0,,,,"N",1,"A","-",22350,,"M","B","H","-","C","D","0","Y","A","01",0,0,1,0,0,0,0,0,0,"-","-","UNINCORPORATED","SACRAMENTO","CA",-121.2524,38.2922
"90345449",0,0,2016,"3400","4","7","4","21",0,1,"A",,,,,,600,12,"C","E","A","SANDYLEE WAY","DEL PRADO COURT",420,"E","N","2016-12-15",9252,"2016-12-11",330,"018575",,"3","9","0","2",,"2","073","-","N",,0,0,,,0,,,,"N",2,"A","-",22106,,"M","A","H","-","C","D","0","Y","A","01",0,0,1,0,0,0,0,0,0,"-","-","UNINCORPORATED","SACRAMENTO","CA",-121.2523,38.2911
"90345471",0,0,2016,"3404","2","3","4","07",0,1,"B",,,,,,1500,12,"B","C","A","US-50 E/B","51ST AVE",150,"W","N","2016-12-27",9252,"2016-12-14",1418,"017134",,"2","7","0","1",,"2","151","-","Y",,0,0,,,0,,,,"Y",2,"A","-",21658,"A","N","A","H","-","A","D","0","Y","A","07",0,0,1,0,0,0,0,0,0,"-","-","SACRAMENTO","SACRAMENTO","CA",-121.44561,38.55621
"90345490",-121.282433,38.254955,2016,"3400","5","7","3","09",0,2,"B",,,,,,1800,12,"D","C","A","BOESSOW RD","MARENGO RD",0,,"Y","2016-12-15",9252,"2016-12-11",1720,"019509",,"2","9","0","3",,"2","080","-","N",,0,0,,,0,,,,"Y",3,"A","-",21801,"A","N","A","H","-","C","A","0","Y","A","01",0,1,1,0,0,0,0,0,0,"-","-","UNINCORPORATED","SACRAMENTO","CA",-121.1657,38.1518
"90345535",-121.4177775,38.4717755,2016,"3400","4","1","4","03",0,1,"B",,,,,,1500,12,"C","C","A","STOCKTON BLVD.","VICTORY AVE",62,"S","N","2016-12-15",9252,"2016-12-12",1323,"018723",,"1","9","0","2",,"2","073","-","N",,0,0,,,0,,,,"N",2,"A","-",22350,,"N","A","H","-","A","D","0","Y","A","01",0,0,1,0,0,0,0,0,0,"-","-","UNINCORPORATED","SACRAMENTO","CA",-121.4176,38.4716
"90345597",-121.4706432,38.5303038,2016,"3404","3","2","3","07",0,1,"B",,,,,,900,12,"E","I","A","SR-99 NB","FRUITRIDGE RD.",2112,"N","N","2016-12-15",9252,"2016-12-13",840,"014833",,"1","7","0","1",,"2","192","-","Y",,0,0,,,0,,,,"Y",2,"A","-",21658,"A","F","A","H","-","A","D","0","Y","A","01",0,1,0,0,0,0,0,0,0,"-","-","SACRAMENTO","SACRAMENTO","CA",-121.47144,38.53228
"90345672",-121.2920107,38.6491602,2016,"3400","4","7","3","01",0,1,"A",,,,,"Y",600,12,"E","I","A","SAN JUAN AVENUE","WINDING WAY",20,"S","N","2016-12-15",9250,"2016-12-04",340,"019542",,"3","9","0","2",,"1","025","-","N",,0,0,,,0,,,,"Y",1,"A","-",23152,"A","N","A","H","-","C","D","0","Y","A","01",0,1,0,0,0,0,0,0,0,"-","-","UNINCORPORATED","SACRAMENTO","CA",-121.29205,38.64904